,keywords,example1,example2,example3
0,"–ø—É—Ç–∏–Ω, –≤–æ–π–Ω–∞, –º–∏—Ä, —Å—Ç—Ä–∞—à–Ω–æ –±–µ—Å—Å–∏–ª—å–Ω—ã–π, –ø—Ä–∏–∫–∞—Å–∞—Ç—å—Å—è –¥—É—à–∞, —Ç—Ä–æ–ø–∞","–î—É–¥—å, –ú–µ–ª–∞–¥–∑–µ, –õ–∞–∑–∞—Ä–µ–≤, –ú–æ—Ä–≥–µ–Ω—à—Ç–µ—Ä–Ω –∏ –¥—Ä—É–≥–∏–µ —Ç—Ä–µ–±—É—é—Ç –æ—Å—Ç–∞–Ω–æ–≤–∏—Ç—å –≤–æ–π–Ω—É —Å –£–∫—Ä–∞–∏–Ω–æ–π!

–†–æ—Å—Å–∏–π—Å–∫–∏–µ –∞—Ä—Ç–∏—Å—Ç—ã, –±–ª–æ–≥–µ—Ä—ã, –ø–æ–ª–∏—Ç–∏–∫–∏, –∂—É—Ä–Ω–∞–ª–∏—Å—Ç—ã –∏ –ø–∏—Å–∞—Ç–µ–ª–∏ –ê–ª–µ–∫—Å–µ–π –ù–∞–≤–∞–ª—å–Ω—ã–π, –ò–≤–∞–Ω –î–æ—Ä–Ω, –Æ—Ä–∏–π –î—É–¥—å, –í–∞–ª–µ—Ä–∏–π –ú–µ–ª–∞–¥–∑–µ, –ú–∞–∫—Å–∏–º –ì–∞–ª–∫–∏–Ω, –ê–ª–∏—à–µ—Ä –ú–æ—Ä–≥–µ–Ω—à—Ç–µ—Ä–Ω, –°–µ—Ä–≥–µ–π –õ–∞–∑–∞—Ä–µ–≤, –°–µ—Ä–≥–µ–π –°–º–∏—Ä–Ω–æ–≤ –∏ –ë–æ—Ä–∏—Å –ê–∫—É–Ω–∏–Ω –≤—ã—Å–∫–∞–∑–∞–ª–∏—Å—å –æ –Ω–∞—á–∞–≤—à–µ–π—Å—è 24 —Ñ–µ–≤—Ä–∞–ª—è 2022 –≥–æ–¥–∞ –≤–æ–π–Ω–µ —Å –£–∫—Ä–∞–∏–Ω–æ–π –∏ –≤—ã—Å—Ç—É–ø–∏–ª–∏ –ø—Ä–æ—Ç–∏–≤ –≤–æ–µ–Ω–Ω–æ–π –∞–≥—Ä–µ—Å—Å–∏–∏ –ü—É—Ç–∏–Ω–∞. #–ù–µ—Ç–í–æ–π–Ω–µ 
 
–°—Ç–∞–Ω—å—Ç–µ –Ω–∞—à–∏–º —Å–ø–æ–Ω—Å–æ—Ä–æ–º: https://youtube.com/channel/UCgxTPTFbIbCWfTR9I2-5SeQ/join 
–ù–∞—à BTC –∫–æ—à–µ–ª–µ–∫: bc1qukw23mmmrw2j36ual55kn4xgc5nluut53g32gf 
 
–ü–æ–¥–ø–∏—Å—ã–≤–∞–π—Ç–µ—Å—å –Ω–∞ ¬´–ù–∞–≤–∞–ª—å–Ω—ã–π LIVE¬ª –≤ —Å–æ—Ü—Å–µ—Ç—è—Ö: 
–¢–≤–∏—Ç—Ç–µ—Ä: https://twitter.com/navalnylive 
–ò–Ω—Å—Ç–∞–≥—Ä–∞–º: https://www.instagram.com/navalny.live 
–¢–µ–ª–µ–≥—Ä–∞–º: https://t.me/navalnylivechannel 
–§–µ–π—Å–±—É–∫: https://www.facebook.com/navalnylive

#–£–∫—Ä–∞–∏–Ω–∞ #–†–æ—Å—Å–∏—è #–ü—É—Ç–∏–Ω #–í–æ–π–Ω–∞ #–ë–µ–∑—É–º–∏–µ #–°—Ç–æ–ø–í–æ–π–Ω–∞ #–ù–µ—Ç–í–æ–π–Ω–µ #–û—Å—Ç–∞–Ω–æ–≤–∏–º–í–æ–π–Ω—É #–ú–∏—Ä—É–ú–∏—Ä","""–°–∏–±–∏—Ä—å. –†–µ–∞–ª–∏–∏"": 
 
¬´""–ù–∏—á–µ–≥–æ –Ω–µ –≤—ã–π–¥–µ—Ç —É –∑–ª–æ–±–Ω–æ–≥–æ —Å—Ç–∞—Ä–æ–≥–æ –∫–∞—Ä–ª–∏–∫–∞, –∑–∞—Ö–≤–∞—Ç–∏–≤—à–µ–≥–æ –≤–ª–∞—Å—Ç—å –≤ –†–§"". 
–ó–∞ —ç—Ç—É —Ñ—Ä–∞–∑—É –∂–∏—Ç–µ–ª—å–Ω–∏—Ü—É –º–∞–ª–µ–Ω—å–∫–æ–≥–æ –∫—É–∑–±–∞—Å—Å–∫–æ–≥–æ –≥–æ—Ä–æ–¥–∫–∞ –æ—à—Ç—Ä–∞—Ñ–æ–≤–∞–ª–∏ –Ω–∞ 30 —Ç—ã—Å—è—á. –î–µ–Ω—å–≥–∏ —Å–æ–±–∏—Ä–∞–ª–∏ –≤—Å–µ–º –º–∏—Ä–æ–º. –í –∏–Ω—Ç–µ—Ä–≤—å—é –°–∏–±–∏—Ä—å.–†–µ–∞–ª–∏–∏ –û–∫—Å–∞–Ω–∞ –†–æ–Ω–∂–∏–Ω–∞ —Ä–∞—Å—Å–∫–∞–∑–∞–ª–∞, –∫–∞–∫–æ–≤–æ —ç—Ç–æ - –±—ã—Ç—å –µ–¥–∏–Ω—Å—Ç–≤–µ–Ω–Ω–æ–π –Ω–µ—Å–æ–≥–ª–∞—Å–Ω–æ–π –≤ –≥–ª—É—Ö–æ–π –ø—Ä–æ–≤–∏–Ω—Ü–∏–∏, –≤—Å–µ–≥–¥–∞ –≥–æ–ª–æ—Å—É—é—â–µ–π –∑–∞ –ü—É—Ç–∏–Ω–∞.¬ª 
 
#–Ω–µ—Ç–≤–æ–π–Ω–µ","–õ—é–±–æ–≤—å –°–æ–±–æ–ª—å https://t.me/TeamSobol 
 
–¢–∏–Ω—å–∫–æ–≤ –Ω–∞–ø–∏—Å–∞–ª —ç–º–æ—Ü–∏–æ–Ω–∞–ª—å–Ω—ã–π –ø–æ—Å—Ç, –≤ –∫–æ—Ç–æ—Ä–æ–º —Ä–∞—Å—Å–∫–∞–∑–∞–ª, —á—Ç–æ –æ—Ç–¥–∞–ª –±–∞–Ω–∫ –∑–∞ –∫–æ–ø–µ–π–∫–∏ –∏ —á—Ç–æ –µ–º—É —É–≥—Ä–æ–∂–∞—é—Ç –∑–∞ –∞–Ω—Ç–∏–≤–æ–µ–Ω–Ω—ã–µ –≤—ã—Å–∫–∞–∑—ã–≤–∞–Ω–∏—è. 
 
–ü—Ä–æ–ø–∞–≥–∞–Ω–¥–∞ –Ω–∞—á–∞–ª–∞ –æ—Ç—Ä–∞–±–∞—Ç—ã–≤–∞—Ç—å ¬´—Ñ–∞—Å¬ª –∏ —Ç—Ä–∞–≤–∏—Ç—å –ø–æ –∫–æ–º–∞–Ω–¥–µ, —á—Ç–æ–±—ã –¥—Ä—É–≥–∏–º –ø—Ä–µ–¥–ø—Ä–∏–Ω–∏–º–∞—Ç–µ–ª—è–º –Ω–µ–ø–æ–≤–∞–¥–Ω–æ –±—ã–ª–æ —Ä–æ—Ç –æ—Ç–∫—Ä—ã–≤–∞—Ç—å. 
 
–ù–µ —Ö–æ—á–µ—Ç—Å—è –ø—Ä–∏—Å–æ–µ–¥–∏–Ω—è—Ç—å—Å—è –∫ —Ç—Ä–∞–≤–ª–µ –¢–∏–Ω—å–∫–æ–≤–∞, –∫–æ—Ç–æ—Ä—ã–π –Ω–∞ —Å–µ–≥–æ–¥–Ω—è—à–Ω–∏–π –¥–µ–Ω—å —É–∂ —Ç–æ—á–Ω–æ –≤—ã–¥–µ–ª—è–µ—Ç—Å—è —Å—Ä–µ–¥–∏ –æ—Å—Ç–∞–ª—å–Ω—ã—Ö –≤ –ª—É—á—à—É—é —Å—Ç–æ—Ä–æ–Ω—É —Ö–æ—Ç—è –±—ã —Ç–µ–º, —á—Ç–æ –Ω–µ –º–æ–ª—á–∏—Ç. –ò —Ç–µ–º, —á—Ç–æ —É–º–µ–µ—Ç —Ä–∞–±–æ—Ç–∞—Ç—å –∏ –∑–∞—Ä–∞–±–∞—Ç—ã–≤–∞—Ç—å, –∞ –Ω–µ —Ç–æ–ª—å–∫–æ –≤–æ—Ä–æ–≤–∞—Ç—å, –∫–∞–∫ –¥—Ä—É–≥–∏–µ. –ù–æ –≤–æ–ø—Ä–æ—Å—ã-—Ç–æ –≤—Å–µ —Ä–∞–≤–Ω–æ –∫ –û–ª–µ–≥—É –µ—Å—Ç—å. 
 
–ï—Å–ª–∏ –ø–æ—Å–º–æ—Ç—Ä–µ—Ç—å –Ω–∞ –í–°–ï –≤—ã—Å–∫–∞–∑—ã–≤–∞–Ω–∏—è –¢–∏–Ω—å–∫–æ–≤–∞ —Ä–∞–Ω—å—à–µ, —Ç–æ —Ç–∞–º –ø—Ä–æ—Å—Ç–æ –∂–∏—Ä. –í —Ç–µ—á–µ–Ω–∏–µ –ª–µ—Ç. –ò —ç—Ç–æ –Ω–µ —Ç–æ–ª—å–∫–æ –ø—Ä–æ –ü—É—Ç–∏–Ω–∞-–∏–º–ø–µ—Ä–∞—Ç–æ—Ä–∞ –∏–ª–∏ –ø—Ä–æ —Ç–æ, —á—Ç–æ –ø—Ä–∏ –ù–∞–≤–∞–ª—å–Ω–æ–º ¬´–±—É–¥–µ—Ç —Ö—É–∂–µ –∏ –≤–æ—Ä–æ–≤–∞—Ç—å –±—É–¥—É—Ç —Ç–æ–ª—å–∫–æ –±–æ–ª—å—à–µ¬ª, –∞ —Å–∞–º –ù–∞–≤–∞–ª—å–Ω—ã–π —Ö–æ—á–µ—Ç –ø—Ä–∏–π—Ç–∏ –∫ –≤–ª–∞—Å—Ç–∏ –∫–∞–∫ –Ø–Ω—É–∫–æ–≤–∏—á (—á—Ç–æ?). 
 
–ü–æ–∑–∏—Ü–∏—è –¢–∏–Ω—å–∫–æ–≤–∞ —Å–µ–π—á–∞—Å –ø—Ä–∏–º–µ—Ä–Ω–æ —Ç–∞–∫–∞—è: ¬´–Ø –±—ã–ª –º–æ–ª–æ–¥—Ü–æ–º –≤—Å–µ–≥–¥–∞, –∞ –º–µ–Ω—è –Ω–µ –æ—Ü–µ–Ω–∏–ª–∏ –∏ –≤—ã–∫–∏–Ω—É–ª–∏ –∑–∞ –±–æ—Ä—Ç —Ä—É—Å—Å–∫–æ–≥–æ –∫–æ—Ä–∞–±–ª—è. –ù—É —Ç–∞–∫ —è –∏ —Ä–∞–¥ —Ç–∞–º –æ–∫–∞–∑–∞—Ç—å—Å—è, –º–Ω–µ –º–∞–ª–æ –æ—Å—Ç–∞–ª–æ—Å—å, –≤—ã –Ω–∞–¥–æ–µ–ª–∏, —Ö–æ—á—É –ø–æ–∂–∏—Ç—å, –∞ –¥–ª—è —ç—Ç–æ–≥–æ –º–Ω–æ–≥–æ –Ω–µ –Ω–∞–¥–æ. –ü—É—Å—Ç—å –†–æ—Å—Å–∏—è –∑–∞–≥–Ω–∏–≤–∞–µ—Ç –¥–∞–ª—å—à–µ –±–µ–∑ –º–µ–Ω—è –ª—é–±–∏–º–æ–≥–æ¬ª. 
 
–ü–æ—Å—Ç –Ω–∞–ø–∏—Å–∞–Ω —Å–µ–π—á–∞—Å, —Å–ø—É—Å—Ç—è –±–æ–ª—å—à–µ –¥–≤—É—Ö –º–µ—Å—è—Ü–µ–≤ —Å –Ω–∞—á–∞–ª–∞ –≤–æ–π–Ω—ã, —Å–∞–Ω–∫—Ü–∏–æ–Ω–Ω–æ–≥–æ –¥–∞–≤–ª–µ–Ω–∏—è, –∫–æ–≥–¥–∞ —É–∂–µ –∏ –±–∏–∑–Ω–µ—Å –æ—Ç–æ–±—Ä–∞–Ω, –∏ –Ω–∞–∑–∞–¥ –¥–æ—Ä–æ–≥–∏ –Ω–µ—Ç. 
 
–ü–æ—á–µ–º—É –ª—é–¥–∏ –≤–∞—Å, –û–ª–µ–≥, –ø–æ—Å—Ç—Ä–∞–¥–∞–≤—à–µ–≥–æ, –∫—Ä–∏—Ç–∏–∫—É—é—Ç? –ü–æ—Ç–æ–º—É —á—Ç–æ –Ω–µ –≤–∏–¥—è—Ç –¥–æ–ª–∂–Ω–æ–≥–æ —Ä–∞—Å–∫–∞—è–Ω–∏—è –∑–∞ –æ—à–∏–±–∫—É. –¢–∞–∫ –∂–µ, –∫–∞–∫ –∏ —Å –•–∞–º–∞—Ç–æ–≤–æ–π. –í—ã –≤—Ä–æ–¥–µ –ø–æ–Ω—è–ª–∏, —á—Ç–æ –≤—Å–µ —Å—Ç–∞–ª–æ –æ—á–µ–Ω—å –ø–ª–æ—Ö–æ, –Ω–æ –Ω–µ —Å–ø–µ—à–∏—Ç–µ –ø—Ä–∏–∑–Ω–∞–≤–∞—Ç—å —Å–≤–æ–π –≤–∫–ª–∞–¥ –≤ —ç—Ç–æ ¬´–ø–ª–æ—Ö–æ¬ª. –í–∫–ª–∞–¥ –Ω–µ –≤–∑—è—Ç–∫–∞–º–∏ –∏ —Ñ—Ä–æ–Ω–¥–∏—Ä–æ–≤–∞–Ω–∏–µ–º —á–∏–Ω–æ–≤–Ω–∏–∫–æ–≤, –Ω–æ —Å–ª–æ–≤–∞–º–∏, —Å–∫–∞–∑–∞–Ω–Ω—ã–º–∏ –Ω–∞ –±–æ–ª—å—à—É—é –∞—É–¥–∏—Ç–æ—Ä–∏—é. –ü–æ–¥–¥–µ—Ä–∂–∫–æ–π —É–±–∏–π—Ü—ã, –ø—Ä–∏–º–µ–Ω—è–≤—à–µ–≥–æ —Ö–∏–º–∏—á–µ—Å–∫–æ–µ –æ—Ä—É–∂–∏–µ, –ø–æ—Å—Ç—Ä–æ–∏–≤—à–µ–≥–æ —Å–∏—Å—Ç–µ–º—É —Å –ø—ã—Ç–∫–∞–º–∏ –≤ —Ç—é—Ä—å–º–∞—Ö –∏ –∏–∑–±–∏–µ–Ω–∏–µ–º –¥—É–±–∏–Ω–∫–∞–º–∏ –Ω–∞ —É–ª–∏—Ü–∞—Ö –≥–æ—Ä–æ–¥–æ–≤. –ú–æ–ª—á–∞–Ω–∏–µ–º –≤ —Ç–æ –≤—Ä–µ–º—è, –∫–æ–≥–¥–∞ —É –ª—é–¥–µ–π –æ—Ç–Ω–∏–º–∞–ª–∏ –≤—ã–±–æ—Ä—ã, —É–Ω–∏—á—Ç–æ–∂–∞–ª–∏ —Ä–µ–¥–∞–∫—Ü–∏–∏ –Ω–µ–∑–∞–≤–∏—Å–∏–º—ã—Ö –º–µ–¥–∏–∞, –∫–æ–≥–¥–∞ –ø–æ–ª–∏—Ü–∏—è –≤–ª–∞–º—ã–≤–∞–ª–∞—Å—å –≤ –æ—Ñ–∏—Å ¬´–ú–µ–º–æ—Ä–∏–∞–ª–∞¬ª, –∞ –ú–∏–Ω—é—Å—Ç –æ–±—ä—è–≤–ª—è–ª –∫–∞–∂–¥–æ–≥–æ –Ω–µ—Å–æ–≥–ª–∞—Å–Ω–æ–≥–æ ¬´–∏–Ω–æ—Å—Ç—Ä–∞–Ω–Ω—ã–º –∞–≥–µ–Ω—Ç–æ–º¬ª. 
 
–í—ã –æ—à–∏–±–ª–∏—Å—å, –û–ª–µ–≥. –ò –ª—é–¥–∏ —Å –≤–∞—Å —Å–ø—Ä–∞—à–∏–≤–∞—é—Ç —Ä–æ–≤–Ω–æ –ø–æ—Ç–æ–º—É, —á—Ç–æ –≤—ã –º–æ–∂–µ—Ç–µ —É—Å–ª—ã—à–∞—Ç—å –∏ –ø—Ä–∏–∑–Ω–∞—Ç—å –æ—à–∏–±–∫—É. –°–∫–∞–∑–∞—Ç—å –≥—Ä–æ–º–∫–æ, —á—Ç–æ–±—ã –¥—Ä—É–≥–∏–µ —Ç–æ–∂–µ —É—Å–ª—ã—à–∞–ª–∏. –ù–æ –≤—ã —Ç–æ–ª—å–∫–æ –∏ —Å–¥–µ–ª–∞–ª–∏, —á—Ç–æ –Ω–∞–ø–∏—Å–∞–ª–∏, —á—Ç–æ –†–æ—Å—Å–∏—è ‚Äî –ø–æ—Ç–µ—Ä—è–Ω–Ω–∞—è —Å—Ç—Ä–∞–Ω–∞. –ù–µ –ø–æ—Ç–µ—Ä—è–Ω–Ω–∞—è. 
 
–†–æ—Å—Å–∏—è ‚Äî —ç—Ç–æ –Ω–µ –ü—É—Ç–∏–Ω. –ò –Ω–µ –ø—Ä–æ–ø–∞–≥–∞–Ω–¥–∏—Å—Ç—ã. –≠—Ç–æ –ª—é–¥–∏. –ù–µ–º—Ü–æ–≤ –≥–æ–≤–æ—Ä–∏–ª, —á—Ç–æ –Ω—É–∂–Ω–∞ –¥–µ–º–æ–∫—Ä–∞—Ç–∏—è, –∞ –Ω–µ –≤–ª–∞—Å—Ç—å —Å–∏–ª–æ–≤–∏–∫–æ–≤. –ù–∞–≤–∞–ª—å–Ω—ã–π –±–æ—Ä–æ–ª—Å—è –∏ –±–æ—Ä–µ—Ç—Å—è –∑–∞ –ª—é–¥–µ–π. –ò –º–Ω–æ–≥–∏–µ —Ä–æ—Å—Å–∏—è–Ω–µ —Ç–æ–∂–µ. –ò –æ—Å—Ç–∞–≤—à–∏–µ—Å—è –≤ –†–æ—Å—Å–∏–∏, –∏ –≤—ã–Ω—É–∂–¥–µ–Ω–Ω–æ —É–µ—Ö–∞–≤—à–∏–µ. –ù–∏—á–µ–≥–æ –Ω–µ –ø–æ—Ç–µ—Ä—è–Ω–æ, –ø–æ–∫–∞ –∏–¥–µ—Ç –±–æ—Ä—å–±–∞. –í–∞–º –ª–∏, —á–µ–ª–æ–≤–µ–∫—É, –ø—Ä–µ–æ–¥–æ–ª–µ–≤–∞—é—â–µ–º—É —Ç—è–∂–µ–ª—É—é –±–æ–ª–µ–∑–Ω—å, —ç—Ç–æ–≥–æ –Ω–µ –∑–Ω–∞—Ç—å? 
 
+ 
 
–í –∏–Ω—Å—Ç–∞–≥—Ä–∞–º–µ –ø–æ–¥ –º–æ–∏–º –ø–æ—Å—Ç–æ–º –ø—Ä–æ –¢–∏–Ω—å–∫–æ–≤–∞ –ø–∏—à—É—Ç: ¬´—Ö–≤–∞—Ç–∏—Ç —Å—Ç–∞—Ä–æ–µ –≤—Å–ø–æ–º–∏–Ω–∞—Ç—å!¬ª 
 
–ú–Ω–µ –≤–∞–∂–Ω–æ –∑–Ω–∞—Ç—å, –∑–∞ –¥–µ–º–æ–∫—Ä–∞—Ç–∏—é –¢–∏–Ω—å–∫–æ–≤ –∏–ª–∏ –Ω–µ—Ç. –Ø –ø—Ä–æ—Ç–∏–≤ –ø–æ–∑–∏—Ü–∏–∏ ¬´–¥–∞–≤–∞–π—Ç–µ –ø–µ—Ä–µ–≤–µ—Ä–Ω–µ–º —Å—Ç—Ä–∞–Ω–∏—Ü—É¬ª, –∑–∞ ¬´–¥–∞–≤–∞–π—Ç–µ —Ä–∞–∑–±–µ—Ä–µ–º—Å—è –∏ —Å–¥–µ–ª–∞–µ–º –≤—ã–≤–æ–¥—ã¬ª. –ê —Ç–æ —Ç–∞–∫ –∑–¥–æ—Ä–æ–≤–æ –≤ 90-—ã–µ –ø–µ—Ä–µ–≤–µ—Ä–Ω—É–ª–∏ —Å—Ç—Ä–∞–Ω–∏—Ü—É, —á—Ç–æ –ü—É—Ç–∏–Ω –∫ –≤–ª–∞—Å—Ç–∏ –ø—Ä–∏—à–µ–ª –∏ —Å–¥–µ–ª–∞–ª –µ—â–µ —Ö—É–∂–µ. –ù—É–∂–Ω–æ –ø—Ä–∏–∑–Ω–∞–Ω–∏–µ –æ—à–∏–±–æ–∫ –∏ –≤—ã–≤–æ–¥—ã, –∞ –Ω–µ –ø—Ä–æ—Å—Ç–æ –æ–±–∏–¥—ã –∑–∞ –Ω–µ–æ—Ü–µ–Ω–µ–Ω–Ω—ã–π –≤ –ö—Ä–µ–º–ª–µ —Ç–∞–ª–∞–Ω—Ç. 
 
–ò—Å—Ç–æ—á–Ω–∏–∫–∏: https://t.me/TeamSobol/4993 + https://t.me/TeamSobol/4994 
 
#–£–∫—Ä–∞–∏–Ω–∞ #–†–æ—Å—Å–∏—è #–û–∫–∫—É–ø–∞–Ω—Ç—ã #–í–æ–π–Ω–∞ #–ü—É—Ç–∏–Ω #–ë–µ–∑—É–º–∏–µ 
#–°—Ç–æ–ø–í–æ–π–Ω–∞ #–ù–µ—Ç–í–æ–π–Ω–µ #–û—Å—Ç–∞–Ω–æ–≤–∏–º–í–æ–π–Ω—É #–ú–∏—Ä—É–ú–∏—Ä"
1,"–≤–æ–π–Ω–∞, –º–∏—Ä, –¥—Ä—É–≥, –∂–∏–∑–Ω—å, –∂–∏—Ç—å, –ø—Ä–æ–∏—Å—Ö–æ–¥–∏—Ç—å","üíôüíõüïä
#–Ω–µ—Ç–≤–æ–π–Ω–µ
 ‚ùó–î–ª—è —Ç–µ—Ö –∫—Ç–æ –•–æ—á–µ—Ç –∏ –ú–æ–∂–µ—Ç –ü–û–ú–û–ß–¨:
üá∫üá¶–û–ª–µ—Å—è –ö—É–ª—ã–∫
 (–≤–æ–ª–æ–Ω—Ç—ë—Ä  —Å–ø–∞—Å–∞—é—â–∏–π –¥–∏–∫–∏—Ö –∏ –±–µ–∑–¥–æ–º–Ω—ã—Ö –∂–∏–≤–æ—Ç–Ω—ã—Ö) 
https://instagram.com/olesyakulyk?utm_medium=copy_link

üá∫üá¶–ì—Ä—É–ø–ø–∞ –ø–æ–º–æ—â–∏ –±–µ–∑–¥–æ–º–Ω—ã–º –∂–∏–≤–æ—Ç–Ω—ã–º –®–ê–ù–° https://www.facebook.com/groups/priutshans1/?ref=share

 üíöhttps://www.instagram.com/p/Cae822MIZDI/?utm_medium=copy_link

‚òÄÔ∏è–ê–º–∞–ª–∏—è...–û–±—Ä–∞–∑ –ú–∏—Ä–∞, –ñ–∏–∑–Ω–∏ –∏ –õ—é–±–≤–∏...üíö
–¥–µ–≤–æ—á–∫–∞ –∏–∑ –ø—Ä–µ–∫—Ä–∞—Å–Ω–æ–π –º–Ω–æ–≥–æ–¥–µ—Ç–Ω–æ–π —Å–µ–º—å–∏ –≤–æ–ª–æ–Ω—Ç–µ—Ä–æ–≤  –ó–∞–ø–æ—Ä–æ–∂—å—è, —É–∂–µ –º–Ω–æ–≥–æ –ª–µ—Ç, –µ–∂–µ–¥–Ω–µ–≤–Ω–æ, —Å–ø–∞—Å–∞—é—â–∏–µ –±–µ–∑–¥–æ–º–Ω—ã—Ö –∂–∏–≤–æ—Ç–Ω—ã—Ö, —Ä–∞–Ω–µ–Ω—ã—Ö –¥–∏–∫–∏—Ö...–≤–æ–ø—Ä–µ–∫–∏ –≤—Å–µ–º ""—Å–ª–æ–∂–Ω–æ"" ,—á–µ—Ä–µ–∑ —É—Å—Ç–∞–ª–æ—Å—Ç—å –∏ —á–µ—Ä–µ–∑ ""–Ω–µ–º–æ–≥—É"". –° –û–≥—Ä–æ–º–Ω–æ–π –ª—é–±–æ–≤—å—é,–∑–∞–±–æ—Ç–æ–π, –º—É–¥—Ä–æ—Å—Ç—å—é, –≤–Ω–∏–º–∞–Ω–∏–µ–º –¥—Ä—É–≥ –∫ –¥—Ä—É–≥—É, –ø–æ–¥–¥–µ—Ä–∂–∏–≤–∞—è –∏ –æ–±–æ–¥—Ä—è—è, —ç—Ç–æ –æ—á–µ–Ω—å –≤–∞–∂–Ω–æ, —á—Ç–æ–±—ã –ü–†–û–î–û–õ–ñ–ê–¢–¨...–Ω–µ –≤—ã–±–∏—Ç—å—Å—è –∏–∑ —Å–∏–ª, –Ω–µ —Å–¥–∞—Ç—å—Å—è, –Ω–µ –≤–ø–∞—Å—Ç—å –≤ –æ—Ç—á–∞—è–Ω–∏–µ –∏–ª–∏ –∞–≥—Ä–µ—Å—Å–∏—é, –∫–∞–∫ —ç—Ç–æ —á–∞—Å—Ç–æ –±—ã–≤–∞–µ—Ç...
 –û–Ω–∏ —Å—Ç–∞–ª–∏ –º–æ–∏–º –≤–¥–æ—Ö–Ω–æ–≤–µ–Ω–∏–µ–º –∏  –ø—Ä–∏–º–µ—Ä–æ–º. –°–ü–ê–°–ò–ë–û. 

#StopWar",#–Ω–µ—Ç–≤–æ–π–Ω–µ –ù–µ–¥–µ—é—Å—å —á—Ç–æ –≤—Å—ë —ç—Ç–æ —Å–∫–æ—Ä–æ –∑–∞–∫–æ–Ω—á–∏—Ç—å—Å—è –∏ –±—Ä–∞—Ç—Å–∫–∏–µ –Ω–∞—Ä–æ–¥—É –ø—Ä–µ–∫—Ä–∞—Ç—è—Ç —ç—Ç—É –±–µ—Å—Å–º—ã—Å–ª–µ–Ω–Ω—É—é –≤–æ–π–Ω—É!,"#–Ω–µ—Ç–≤–æ–π–Ω–µ

–õ—é–¥–∏ –≤—Å–µ–π –ó–µ–º–ª–∏, –±—É–¥—å—Ç–µ –∂–µ –¥–µ—Ç—å–º–∏,
–ß—Ç–æ–± –º–∏—Ä –∏–∑–º–µ–Ω–∏—Ç—å —Å–º–æ–≥–ª–∏.
–ñ–∏–ª–∏ —á—Ç–æ–± –Ω–µ –≤—Ä–æ–∑—å,
–ù–µ–±–æ —á—Ç–æ–± –±–µ–∑ —Å–ª–µ–∑, –≤ –º–∏—Ä–µ –±–µ–∑ –≤–æ–π–Ω—ã
–ü—Ä–µ–¥–∞—Ç–µ–ª—å—Å—Ç–≤–∞ –∏ –≤–∏–Ω—ã,
–ú—ã –≤—Å–µ –∏–∑–º–µ–Ω–∏—Ç—å –¥–æ–ª–∂–Ω—ã, –¥–æ–ª–∂–Ω—ã.

–õ—é–¥–∏ –Ω–∞ –ó–µ–º–ª—ñ, –±—É–¥—å—Ç–µ –∂–µ –¥—ñ—Ç—å–º–∏,
–©–æ–± —Å–≤—ñ—Ç –∑–º—ñ–Ω–∏—Ç–∏ —Ç–µ–∂ –∑–º–æ–≥–ª–∏.
–ñ–∏–ª–∏ —Ä–∞–∑–æ–º —Å–∫—Ä—ñ–∑—å,
–ù–µ–±–æ —â–æ–± –±–µ–∑ —Å–ª—ñ–∑, –≤ —Å–≤—ñ—Ç—ñ –±–µ–∑ –≤—ñ–π–Ω–∏.

People on the Earth, keep your souls unclosed
Change the world i`m begging please
Hide away your fears,
Skies without a tears, living lasting peace

–ë–µ–∑ —Å—Ç—Ä–∞—Ö–∞ –∏ –±–µ–∑ –≤–∏–Ω—ã,
–ú—ã –≤—Å–µ –∏–∑–º–µ–Ω–∏—Ç—å –¥–æ–ª–∂–Ω—ã.
–≠—Ç–æ—Ç –º–∏—Ä –±–µ–∑ –≤–æ–π–Ω—ã..."
2,"—É–∫—Ä–∞–∏–Ω–∞, –≤–æ–π–Ω–∞, –º–∏—Ä, —É–∫—Ä–∞–∏–Ω–µ—Ü, –∂–∏—Ç—å, –¥—Ä—É–≥","üá∑üá∫üá∫üá¶–ú–æ–π –æ—Ç–≤–µ—Ç —Å–ª–æ–∂–∏–≤—à–µ–π—Å—è —Å–∏—Ç—É–∞—Ü–∏–∏! –ù–µ –¥–æ–ª–∂–Ω–æ –±—ã—Ç—å –≤–æ–π–Ω—ã!!! –†–æ—Å—Å–∏—è –Ω–µ –≤—Ä–∞–≥ –£–∫—Ä–∞–∏–Ω–µ, –∞ –£–∫—Ä–∞–∏–Ω–∞ –Ω–µ –≤—Ä–∞–≥ –†–æ—Å—Å–∏–∏!!! –†—É—Å—Å–∫–∏–µ –∏ —É–∫—Ä–∞–∏–Ω—Ü—ã —ç—Ç–æ –æ–¥–∏–Ω –µ–¥–∏–Ω—ã–π, –≤–µ–ª–∏–∫–∏–π –∏ –º–æ–≥—É—á–∏–π –Ω–∞—Ä–æ–¥-–°–õ–ê–í–Ø–ù–ï!!! –ù–µ–ª—å–∑—è –∏–¥—Ç–∏ –Ω–∞ –ø–æ–≤–æ–¥—É —É –∑–∞–ø–∞–¥–Ω—ã—Ö –∏–¥–∏–æ–ª–æ–≥–æ–≤, –Ω–µ–ª—å–∑—è –≤–ø–∏—Ç—ã–≤–∞—Ç—å –ø–∏–Ω–¥–æ—Å–æ–≤—Å–∫—É—é –ø—Ä–æ–ø–∞–≥–∞–Ω–¥—É —Ä–∞–∑—ä–µ–¥–µ–Ω–µ–Ω–∏—è –∏ —Ä–∞–∑—Ä—É—à–µ–Ω–∏—è!!! –£–°–õ–´–®–¢–ï, –õ–Æ–î–ò, –ù–ï–õ–¨–ó–Ø –ò–î–¢–ò –ë–†–ê–¢–£ –ü–†–û–¢–ò–í –ë–†–ê–¢–ê!!! –í—ã–∫–∏–Ω—å—Ç–µ –Ω–∞—Ü–∏–∫–æ–≤ –∏ —Ñ–∞—à–∏—Å—Ç–æ–≤ –∏–∑ —Å–≤–æ–∏—Ö –≥–æ–ª–æ–≤, –∏–∑ —Å–≤–æ–∏—Ö –∂–∏–∑–Ω–µ–π, –∏–∑ —Å–≤–æ–∏—Ö –¥–æ–º–æ–≤!!! –ù–µ –≤–ø–∏—Ç—ã–≤–∞–π—Ç–µ –ø–æ–≥–∞–Ω—É—é –¥—ç–∑—É –≤–ª–∏–≤–∞—é—â—É—é—Å—è –≤–∞–º –≤ —É—à–∏ —Å –≤—Ä–∞–∂–¥–µ–±–Ω–æ–≥–æ –∑–∞–ø–∞–¥–∞!!! –í–æ–π–Ω–∞ –Ω–µ –Ω—É–∂–Ω–∞ –Ω–∏–∫–æ–º—É, –∫—Ä–æ–º–µ –∂–∞–¥–Ω—ã—Ö –∏ –∫—Ä–æ–≤–∞–≤—ã—Ö –ø–æ–ª–∏—Ç–∏–∫–∞–Ω–æ–≤‚Ä¶ #–Ω–µ—Ç–≤–æ–π–Ω–µ #—Ä–æ—Å—Å–∏—è—É–∫—Ä–∞–∏–Ω–∞ #—É–∫—Ä–∞–∏–Ω–∞—Ä–æ—Å—Å–∏—è #—Ä–æ—Å—Å–∏—è—É–∫—Ä–∞–∏–Ω–∞–≤–º–µ—Å—Ç–µ #—É–∫—Ä–∞–∏–Ω–∞—Ä–æ—Å—Å–∏—è–≤–º–µ—Å—Ç–µ #–±—Ä–∞—Ç—å—è—Å–ª–∞–≤—è–Ω–µ #—Ä–æ—Å—Å–∏—è—É–∫—Ä–∞–∏–Ω–∞–±—Ä–∞—Ç—å—è #—Ä–æ—Å—Å–∏—è—É–∫—Ä–∞–∏–Ω–∞–º–∏—Ä #—Å–ª–∞–≤—è–Ω–µ #–Ω–µ–≥–ª–∞–º—É—Ä–Ω—ã–π–≤–µ–¥—É—â–∏–π p.s. –°–µ–π—á–∞—Å —Ç–æ—á–Ω–æ —Ç–∞–∫–æ–π –∂–µ –ø–æ—Å—Ç –∑–∞–±–ª–æ–∫–∏—Ä–æ–≤–∞–ª–∏ –≤ –∏–Ω—Å—Ç–µ! –Ø —Å–æ–≤–µ—Ä—à–µ–Ω–Ω–æ –Ω–µ –ø–æ–Ω–∏–º–∞—é —Å —á–µ–º —ç—Ç–æ —Å–≤—è–∑–∞–Ω–æ!!!","–ö–∞–∫ –±—ã—Ç—å, –∫–æ–≥–¥–∞ —Å—Ç—Ä–∞–Ω–∞ –≤ –∫–æ—Ç–æ—Ä–æ–π —Ç—ã –∂–∏–≤–µ—à—å, –≤–æ—é–µ—Ç —Å–æ —Å—Ç—Ä–∞–Ω–æ–π –≤ –∫–æ—Ç–æ—Ä–æ–π —Ç—ã —Ä–æ–¥–∏–ª—Å—è‚Ä¶ —Ç–æ–ª—å–∫–æ –±–æ–ª—å –∏ —Å–ª—ë–∑—ã –∑–∞ –±–ª–∏–∑–∫–∏—Ö –∏ —Ä–æ–¥–Ω—ã—Ö –ª—é–¥–µ–π, –∫–æ—Ç–æ—Ä—ã–µ –æ–∫–∞–∑–∞–ª–∏—Å—å –≤ –æ–∫–æ–≤–∞—Ö —ç—Ç–∏—Ö —É–∂–∞—Å–Ω—ã—Ö –ø–æ—Å–ª–µ–¥—Å—Ç–≤–∏–π. 

–ö–∞–∫ —ç—Ç–æ –º–æ–∂–Ω–æ –≤–æ—Å–ø—Ä–∏–Ω–∏–º–∞—Ç—å –∞–¥–µ–∫–≤–∞—Ç–Ω–æ, –∫–∞–∫ –≤–æ–æ–±—â–µ –≤ 2022 –≥–æ–¥—É –º–æ–∂–Ω–æ –∞–¥–µ–∫–≤–∞—Ç–Ω–æ –≤–æ—Å–ø—Ä–∏–Ω–∏–º–∞—Ç—å –≤–æ–π–Ω—É? 

–Ø –≤—ã—Ä–æ—Å –≤ –†–æ—Å—Å–∏–∏ –∏ –ª—é–±–ª—é —Å–≤–æ—é —Ä–æ–¥–∏–Ω—É, –Ω–æ —è –Ω–µ –≤—ã–±–∏—Ä–∞–ª —ç—Ç—É –≤–ª–∞—Å—Ç—å –∏ –Ω–µ –ø–æ–¥–¥–µ—Ä–∂–∏–≤–∞—é –µ–µ –≤–æ–µ–Ω–Ω—ã–µ –¥–µ–π—Å—Ç–≤–∏—è –ø—Ä–æ—Ç–∏–≤ –±—Ä–∞—Ç—Å–∫–æ–≥–æ –Ω–∞—Ä–æ–¥–∞. –°–µ–π—á–∞—Å –Ω–∞ –£–∫—Ä–∞–∏–Ω–µ –º–æ–∏ —Ä–æ–¥–Ω—ã–µ, –∏–º —Å—Ç—Ä–∞—à–Ω–æ –∏ –æ–Ω–∏ –Ω–µ –ø–æ–Ω–∏–º–∞—é—Ç, –∑–∞ —á—Ç–æ, –æ–Ω–∏ –≤—ã–Ω—É–∂–¥–µ–Ω—ã –Ω–∞–±–ª—é–¥–∞—Ç—å –≤—Å–µ —ç—Ç–æ –±–µ–∑—É–º–∏–µ. –û–Ω–∏ –Ω–µ –¥–µ–ª–∞–ª–∏ –Ω–∏—á–µ–≥–æ, —á—Ç–æ–±—ã –ø—Ä–æ—Ç–∏–≤ –Ω–∏—Ö –Ω–∞—á–∞–ª–∞—Å—å ¬´–í–æ–µ–Ω–Ω–∞—è –æ–ø–µ—Ä–∞—Ü–∏—è¬ª. 

–ö–∞–∫ –æ–±—ä—è—Å–Ω–∏—Ç—å —Å–≤–æ–µ–º—É –æ—Ç—Ü—É, –≥–ª—è–¥—è –ø—Ä—è–º–æ –≤ –≥–ª–∞–∑–∞, —á—Ç–æ —Ç—ã –Ω–∏—á–µ–≥–æ –Ω–µ –º–æ–∂–µ—à—å —Å–¥–µ–ª–∞—Ç—å –∏ –Ω–∏–∫–∞–∫ –Ω–µ –º–æ–∂–µ—à—å –ø–æ–≤–ª–∏—è—Ç—å –Ω–∞ –¥–µ–π—Å—Ç–≤–∏—è –ª—é–¥–µ–π, –∑–∞ –∫–æ—Ç–æ—Ä—ã—Ö –Ω–µ –≥–æ–ª–æ—Å–æ–≤–∞–ª. 

–Ø —Ç—Ä–∏ –≥–æ–¥–∞ –ø—Ä–æ—Ä–∞–±–æ—Ç–∞–ª –≤ –ø–æ–ª–∏—Ü–∏–∏ –∏ —Å–ª—É–∂–∏–ª –≤ –º–æ—Ä—Å–∫–æ–π –ø–µ—Ö–æ—Ç–µ –∏ —è –¥–µ–ª–∞–ª –≤—Å—ë, —á—Ç–æ –±—ã–ª–æ –Ω—É–∂–Ω–æ –≤–æ –±–ª–∞–≥–æ —Å–≤–æ–µ–π —Ä–æ–¥–∏–Ω—ã –†–æ—Å—Å–∏–∏, –Ω–æ —è –Ω–∏–∫–æ–≥–¥–∞ –≤ –∂–∏–∑–Ω–∏ –Ω–µ –ø–æ–π–¥—É –≤–æ–µ–≤–∞—Ç—å –ø—Ä–æ—Ç–∏–≤ —Å–≤–æ–µ–≥–æ –æ—Ç—Ü–∞, —ç—Ç–∞ –≤–æ–π–Ω–∞ –¥–æ–ª–∂–Ω—ã –±—ã—Ç—å –æ—Å—Ç–∞–Ω–æ–≤–ª–µ–Ω–∞!

–ù–µ—Ç –≤–æ–π–Ω–µ! 

–û—Å—Ç–∞–Ω–æ–≤–∏—Ç–µ —ç—Ç–æ! 

#–Ω–µ—Ç–≤–æ–π–Ω–µ #–æ—Å—Ç–∞–Ω–æ–≤–∏—Ç–µ–≤–æ–π–Ω—É","–Ø –†–£–°–°–ö–ê–Ø –ò –Ø –ù–ï –•–û–ß–£ –í–û–ô–ù–´!!!
‚†Ä
üá∫üá¶–≤  –£–∫—Ä–∞–∏–Ω–µ –∂–∏–≤—É—Ç –º–æ–∏ —Ä–æ–¥—Å—Ç–≤–µ–Ω–Ω–∏–∫–∏. –º–æ–∏ –¥—Ä—É–∑—å—è.
–ö–∏–µ–≤ - –æ–¥–∏–Ω –∏–∑ –º–æ–∏—Ö –ª—é–±–∏–º—ã—Ö –≥–æ—Ä–æ–¥–æ–≤ –Ω–∞ –ó–µ–º–ª–µ‚ù§Ô∏è
‚†Ä
—è –≥–æ–≤–æ—Ä—é –ù–ï–¢ –≤–æ–π–Ω–µ!
‚†Ä
#—ç—Ç–æ–Ω–µ–º–æ–π–≤—ã–±–æ—Ä
#–º—ã–ø—Ä–æ—Ç–∏–≤–≤–æ–π–Ω—ã
#–Ω–µ—Ç–≤–æ–π–Ω–µ"
3,"—Ä–æ—Å—Å–∏–π—Å–∫–∏–π, —Ä–∞–∫–µ—Ç–∞, –≤–µ—Ä—Ç–æ–ª–µ—Ç, —É–Ω–∏—á—Ç–æ–∂–∞—Ç—å, —Å–±–∏–≤–∞—Ç—å, —Å–∞–º–æ–ª–µ—Ç","–û–±–æ—Ä–æ–Ω–∞ –ú–∞—Ä–∏—É–ø–æ–ª—è

–°—å–æ–≥–æ–¥–Ω—ñ, –Ω–∞ –ú–∞—Ä—ñ—É–ø–æ–ª—å—Å—å–∫–æ–º—É –Ω–∞–ø—Ä—è–º–∫—É, —É–∫—Ä–∞—ó–Ω—Å—å–∫—ñ –∑–∞—Ö–∏—Å–Ω–∏–∫–∏ –∑–¥—ñ–π—Å–Ω–∏–ª–∏ –∫–æ–Ω—Ç—Ä–∞—Ç–∞–∫—É —Ç–∞ –∑–Ω–∏—â–∏–ª–∏ 3 –≤–æ—Ä–æ–∂—ñ —Ç–∞–Ω–∫–∏, 4 –ë–ú–ü, 2 –¢–∏–≥—Ä–∞ —Ç–∞ –±–ª–∏–∑—å–∫–æ —Ç—Ä–∏–¥—Ü—è—Ç–∏ —Ä–æ—Å—ñ–π—Å—å–∫–∏—Ö –æ–∫—É–ø–∞–Ω—Ç—ñ–≤. –î–≤–æ—î –∑–∞–≥–∞—Ä–±–Ω–∏–∫—ñ–≤ –ø–æ—Ç—Ä–∞–ø–∏–ª–∏ –≤ –ø–æ–ª–æ–Ω.
–û–ø–∏–Ω–∏–≤—à–∏—Å—å –≤ –ø–æ–ª–æ–Ω—ñ —Ä–æ—Å—ñ—è–Ω–∏ –∑–∞—Å–ø—ñ–≤–∞–ª–∏ –≤–∂–µ –∑–≤–∏—á–Ω—É –¥–ª—è –Ω–∏—Ö –ø—ñ—Å–Ω—é –ø—Ä–æ ""–º—ã –Ω–µ –∑–Ω–∞–ª–∏ –∫—É–¥–∞ –Ω–∞—Å –æ—Ç–ø—Ä–∞–≤–ª—è—é—Ç"".
–¢–∞ –≤—Å–µ –≤–æ–Ω–∏ –∑–Ω–∞–ª–∏. –î–≤–æ—î —Ç–∞–Ω–∫—ñ—Å—Ç—ñ–≤, –æ–¥–∏–Ω –∑ —è–∫–∏—Ö —Ä–æ—Å—ñ–π—Å—å–∫–∏–π –æ—Ñ—ñ—Ü–µ—Ä-–∫–æ–º–∞–Ω–¥–∏—Ä –≤–∑–≤–æ–¥—É, –≤–∏—Ä—ñ—à–∏–ª–∏ –∑–¥–∞—Ç–∏—Å—è. –Ü–Ω—à—ñ –∂ –µ–∫—ñ–ø–∞–∂—ñ, —â–æ –∑–Ω–∞—Ö–æ–¥–∏–ª–∏—Å—è –≤ —Ä–æ–∑–±–∏—Ç—ñ–π –∫–æ–ª–æ–Ω—ñ –±—Ä–æ–Ω–µ—Ç–µ—Ö–Ω—ñ–∫–∏, –∑–∞–ª–∏—à–∏–ª–∏—Å—è –≤ –ø–∞–ª–∞—é—á–∏—Ö –º–∞—à–∏–Ω–∞—Ö –Ω–∞–∑–∞–≤–∂–¥–∏.
–£–∫—Ä–∞—ó–Ω—Å—å–∫—ñ –æ–±–æ—Ä–æ–Ω—Ü—ñ –ú–∞—Ä—ñ—É–ø–æ–ª—è –ø—Ä–æ–¥–æ–≤–∂—É—é—Ç—å –≥–µ—Ä–æ—ó—á–Ω–æ —Ç–∞ –º—É–∂–Ω—å–æ —Å—Ç—Ä–∏–º—É—é—Ç—å –Ω–∞–≤–∞–ª—É –∞–≥—Ä–µ—Å–æ—Ä–∞. –ü–µ—Ä–µ–º–æ–≥–∞ –±—É–¥–µ –∑–∞ –Ω–∞–º–∏!üá∫üá¶

@a_shtirlitz

#—Ä—É—Å—Å–∫–∏–π—Ñ–∞—à–∏–∑–º#–ø—É—Ç–∏–Ω—Ö—É–π–ª–æ#–Ω–µ—Ç–≤–æ–π–Ω–µ#—É–∫—Ä–∞–∏–Ω–∞—Ä–æ—Å—Å–∏—è#stoprerror#stoprussia","‚ö°Ô∏è–†–æ—Å—Å–∏—è —Å—Ç—è–≥–∏–≤–∞–µ—Ç –≤–æ–π—Å–∫–∞ –≤ –ë–µ–ª–≥–æ—Ä–æ–¥—Å–∫—É—é –æ–±–ª–∞—Å—Ç—å, —á—Ç–æ–±—ã –ø–æ–º–µ—à–∞—Ç—å –í–°–£ –≤—ã–π—Ç–∏ –Ω–∞ –≥—Ä–∞–Ω–∏—Ü—É ‚Äî –ò–Ω—Å—Ç–∏—Ç—É—Ç –∏–∑—É—á–µ–Ω–∏—è –≤–æ–π–Ω—ã

—Ä—Ñ –≤ –≤–æ–π–Ω–µ –ø—Ä–æ—Ç–∏–≤ –£–∫—Ä–∞–∏–Ω—ã –ø—ã—Ç–∞–µ—Ç—Å—è —É–¥–µ—Ä–∂–∞—Ç—å –ø–æ–∑–∏—Ü–∏–∏ –æ–∫–∫—É–ø–∞–Ω—Ç–æ–≤ –≤ –æ–∫—Ä–µ—Å—Ç–Ω–æ—Å—Ç—è—Ö –•–∞—Ä—å–∫–æ–≤–∞, –∞ —Ç–∞–∫–∂–µ –ø—Ä–µ–¥–æ—Ç–≤—Ä–∞—Ç–∏—Ç—å –¥–∞–ª—å–Ω–µ–π—à–∏–µ –∫–æ–Ω—Ç—Ä–∞—Ç–∞–∫–∏ —É–∫—Ä–∞–∏–Ω—Å–∫–∏—Ö –≤–æ–π—Å–∫.

–î–ª—è —ç—Ç–æ–≥–æ –≤–æ–µ–Ω–Ω–æ–µ –∫–æ–º–∞–Ω–¥–æ–≤–∞–Ω–∏–µ –≤—Å —Ä—Ñ –ø—Ä–æ–¥–æ–ª–∂–∞–µ—Ç —Å—Ç—è–≥–∏–≤–∞—Ç—å –ø–æ–¥–∫—Ä–µ–ø–ª–µ–Ω–∏–µ (https://bit.ly/37uvVFy) –≤ –ë–µ–ª–≥–æ—Ä–æ–¥—Å–∫—É—é –æ–±–ª–∞—Å—Ç—å

#–ù–µ—Ç–í–æ–π–Ω–µ #NoWar #—É–∫—Ä–∞–∏–Ω–∞ #—Ä–æ—Å—Å–∏—è #–ø—É—Ç–∏–Ω #–≤–æ–π–Ω–∞ #StopPutinsWar","#—è–ø—Ä–æ—Ç–∏–≤–≤–æ–π–Ω—ã #–Ω–µ—Ç–≤–æ–π–Ω–µ #–Ω–µ—Ç–ø—É—Ç–∏–Ω—É #–ø—É—Ç–∏–Ω—É–±–∏–π—Ü–∞
–õ–û–ì–ò–ö–ê –ö–†–ï–ú–õ–ï–í–°–ö–û–ô –ü–†–û–ü–ê–ì–ê–ù–î–´

1. –†–æ—Å—Å–∏—è –Ω–µ –Ω–∞–ø–∞–¥–∞–ª–∞ –Ω–∞ –£–∫—Ä–∞–∏–Ω—É, –Ω–æ –£–∫—Ä–∞–∏–Ω–∞ –æ–±—è–∑–∞—Ç–µ–ª—å–Ω–æ –¥–æ–ª–∂–Ω–∞ –ø–µ—Ä–µ—Å—Ç–∞—Ç—å –∑–∞—â–∏—â–∞—Ç—å—Å—è.
2. –°–ø–µ—Ü–∏–∞–ª—å–Ω–∞—è –æ–ø–µ—Ä–∞—Ü–∏—è - —ç—Ç–æ –Ω–µ –≤–æ–π–Ω–∞, –∞ –≤–æ—Ç —ç–∫–æ–Ω–æ–º–∏—á–µ—Å–∫–∏–µ —Å–∞–Ω–∫—Ü–∏–∏ - —ç—Ç–æ –≤–æ–π–Ω–∞.
3. –í–æ–π–Ω–∞ –Ω–∞—á–∞–ª–∞—Å—å –¥–ª—è —Ç–æ–≥–æ —á—Ç–æ–±—ã –Ω–µ –Ω–∞—á–∞–ª–∞—Å—å –≤–æ–π–Ω–∞. 
4. –ü—Ä–∏–∑—ã–≤–Ω–∏–∫–æ–≤ –Ω–µ –æ—Ç–ø—Ä–∞–≤–ª—è–ª–∏ –≤ –£–∫—Ä–∞–∏–Ω—É, –Ω–æ –Ω–µ–∫–æ—Ç–æ—Ä—ã–µ –∏–∑ –Ω–∏—Ö —Ç–∞–º —É–º–µ—Ä–ª–∏.
5. –†–æ–¥–¥–æ–º —Ä–∞–∑–±–æ–º–±–∏–ª–∏, –ø–æ—Ç–æ–º—É —á—Ç–æ —Ç–∞–º —Å–∏–¥–µ–ª–∏ –Ω–∞—Ü–∏—Å—Ç—ã, –ø–µ—Ä–µ–æ–¥–µ—Ç—ã–µ –±–µ—Ä–µ–º–µ–Ω–Ω—ã–º–∏ –∂–µ–Ω—â–∏–Ω–∞–º–∏, –Ω–æ –µ–≥–æ –≤—Å—ë-—Ä–∞–≤–Ω–æ –Ω–µ —Ä–∞–∑–±–æ–º–±–∏–ª–∏.
6. –°–ø–µ—Ü–∏–∞–ª—å–Ω–∞—è –æ–ø–µ—Ä–∞—Ü–∏—è –ø—Ä–æ—Ö–æ–¥–∏—Ç –ø–æ –ø–ª–∞–Ω—É, –≤–æ–π—Å–∫–∞ –Ω–µ –≤—Å—Ç—Ä–µ—á–∞—é—Ç —Å–æ–ø—Ä–æ—Ç–∏–≤–ª–µ–Ω–∏—è, –Ω–æ –∑–∞ 20 –¥–Ω–µ–π –ø–æ–ª—É—á–∏–ª–æ—Å—å —Ç–æ–ª—å–∫–æ –∑–∞—Ö–≤–∞—Ç–∏—Ç—å –•–µ—Ä—Å–æ–Ω –∏ –æ–∫—Ä—É–∂–∏—Ç—å –ú–∞—Ä–∏—É–ø–æ–ª—å.
7. –í—Å–µ —É–∫—Ä–∞–∏–Ω—Å–∫–∏–µ —Å–∞–º–æ–ª—ë—Ç—ã –±—ã–ª–∏ —É–Ω–∏—á—Ç–æ–∂–µ–Ω—ã —Ä–∞–∫–µ—Ç–∞–º–∏ –Ω–∞ –∞—ç—Ä–æ–¥—Ä–æ–º–∞—Ö. –ù–æ —Å–ø—É—Å—Ç—è 2 –Ω–µ–¥–µ–ª–∏ –£–∫—Ä–∞–∏–Ω–∞ –ø–æ–¥–ª–æ –±–æ–º–±–∏–ª–∞ –ë–µ–ª–∞—Ä—É—Å—å.
8. –ñ–µ–ª–∞—Ç—å —Å–º–µ—Ä—Ç–∏ —É–∫—Ä–∞–∏–Ω—Ü–∞–º –º–æ–∂–Ω–æ –ø–æ —Ä–æ—Å—Å–∏–π—Å–∫–æ–º—É –¢–í, –Ω–æ –∂–µ–ª–∞—Ç—å —Å–º–µ—Ä—Ç–∏ —Ä–æ—Å—Å–∏–π—Å–∫–∏–º –æ–∫–∫—É–ø–∞–Ω—Ç–∞–º –≤ –§–µ–π—Å–±—É–∫- —ç—Ç–æ —ç–∫—Å—Ç—Ä–µ–º–∏–∑–º.
9. –†–æ—Å—Å–∏–π—Å–∫–∏–µ –≤–æ–π—Å–∫–∞ –≤–æ—é—é—Ç –Ω–µ —Å –º–∏—Ä–Ω—ã–º–∏ –∂–∏—Ç–µ–ª—è–º–∏, –∞ —Å –Ω–∞—Ü–∏—Å—Ç–∞–º–∏. –í—Å–µ–º–∏ 40 –º–∏–ª–ª–∏–æ–Ω–∞–º–∏ –Ω–∞—Ü–∏—Å—Ç–æ–≤."
4,"—Ä–µ–±–µ–Ω–æ–∫, –≤–æ–π–Ω–∞, –º–∏—Ä, –∑–∞–±–æ—Ä, –º–∞—Ç—å, —Ä—É—Å—Å–∫–∏–π","#–ö–≤–∞—Ä—Ç–∏—Ä–Ω–∏–∫_—É_–ú–∞—Ä–≥—É–ª–∏—Å–∞ #–ó–∞–†–æ—Å—Å–∏—é #–£–∫—Ä–∞–∏–Ω–∞ #–í–°–†–§ #–†–æ—Å—Å–∏—è #–î–∞–ü–æ–±–µ–¥–µ #–Ø–ì–æ—Ä–∂—É—Å—å #–Ω–µ—Ç–≤–æ–π–Ω–µ #–°–í–û
""–ö–≤–∞—Ä—Ç–∏—Ä–Ω–∏–∫ —É –ú–∞—Ä–≥—É–ª–∏—Å –≤ –≥–æ—Å–ø–∏—Ç–∞–ª–µ –ú–û –†–§""","–£–º–∏—Ä–∞—é—Ç –ª—é–¥–∏! –í–∞—à–∏ –∏ –Ω–∞—à–∏ –¥–µ—Ç–∏! –°—Ç–æ–ø –≤–æ–π–Ω–∞! 
#–Ω–µ—Ç–≤–æ–π–Ω–µ #–≤–æ–π–Ω–∞ #—É–∫—Ä–∞–∏–Ω–∞","–Ø –†—É—Å—Å–∫–∞—è. –ò –º–Ω–µ –Ω–µ —Å—Ç—ã–¥–Ω–æ! –ò —Å–µ–π—á–∞—Å —è –≥–æ–≤–æ—Ä—é —Å–≤–æ–∏–º –¥–µ—Ç—è–º, —á—Ç–æ –ª—é–¥–∏ –£–∫—Ä–∞–∏–Ω—ã, –î–æ–Ω–±–∞—Å—Å–∞ –Ω–∞–º –ù–ï –í–†–ê–ì–ò –∏ –ù–ï –í–†–ê–ì–ò –ú–ï–ñ–î–£ –°–û–ë–û–ô! –£ –Ω–∞—Å –æ–¥–Ω–∏ –æ–±—â–∏–µ –∫–æ—Ä–Ω–∏. 

–í–æ–π–Ω–∞-—Å–∞–º–æ–µ —É–∂–∞—Å–Ω–æ–µ —á—Ç–æ –º–æ–∂–µ—Ç –±—ã—Ç—å. –Ø  –ù–ï –∂–µ–ª–∞—é –µ—ë –Ω–∏–∫–æ–º—É –Ω–∞ –ó–µ–º–ª–µ!
–í—Å–µ –ø–∏—à—É—Ç #–Ω–µ—Ç–≤–æ–π–Ω–µ, –Ω–æ —è —Å—á–∏—Ç–∞—é, –ø—Ä–∞–≤–∏–ª—å–Ω–æ #–ù–ï–¢–§–ê–®–ò–ó–ú–£, #–ù–ï–¢–ù–ê–¶–ò–ó–ú–£!!! 
–ù–∞—Ü–∏—Å—Ç—ã —É–Ω–∏—á—Ç–æ–∂–∞—é—Ç –Ω–∞—Ä–æ–¥—ã –ø–æ–¥ –∫–æ—Ä–µ–Ω—å, –µ—Å–ª–∏ –∏—Ö –≤–æ–≤—Ä–µ–º—è –Ω–µ –æ—Å—Ç–∞–Ω–æ–≤–∏—Ç—å. –≠—Ç–æ –º–∏—Ä –ø–æ–Ω—è–ª –≤ 20–≤–µ–∫–µ –Ω–∞ –ø—Ä–∏–º–µ—Ä–µ –ì–∏—Ç–ª–µ—Ä–∞.

–ú—ã –≤—Å–µ –ø–æ–º–Ω–∏–º —Å–æ–±—ã—Ç–∏—è –ø–æ—Å–ª–µ–¥–Ω–∏—Ö 10 –ª–µ—Ç. –ú–∞–π–¥–∞–Ω, –ø–µ—Ä–µ–≤–æ—Ä–æ—Ç –∏ –≤ –∏—Ç–æ–≥–µ –º–∞—Ä—à–∏ –º–æ–ª–æ–¥—ã—Ö —Ä–µ–±—è—Ç, –º–∞–ª—å—á–∏—à–µ–∫ –µ—â–µ, –ø–æ –ö–∏–µ–≤—É... —Å –ø–æ–ª–Ω—ã–º–∏ –Ω–µ–Ω–∞–≤–∏—Å—Ç–∏ –≤—ã—Å–∫–∞–∑—ã–≤–∞–Ω–∏—è–º–∏ –≤ –∞–¥—Ä–µ—Å —Ä—É—Å—Å–∫–∏—Ö, ""–≤–∞—Ç–Ω–∏–∫–æ–≤, –º–æ—Å–∫–∞–ª–µ–π, –∫–æ–ª–æ—Ä–∞–¥–æ–≤"", —Å —É–≥—Ä–æ–∑–∞–º–∏. –ò –ø–æ –∏—Ç–æ–≥—É —Å –∏—Å–ø–æ–ª–Ω–µ–Ω–∏–µ–º —ç—Ç–∏—Ö —É–≥—Ä–æ–∑ —Ä–∞—Å–ø—Ä–∞–≤—ã (–≠–¢–û –õ–ò –ù–ï –ù–ê–¶–ò–ó–ú???) –ü–æ—Ç–æ–º –í–õ–ê–°–¢–ò –æ–±—ä—è–≤–∏–ª–∏ –º–Ω–æ–≥–∏—Ö —Ä—É—Å—Å–∫–æ—è–∑—ã—á–Ω—ã—Ö –≥—Ä–∞–∂–¥–∞–Ω ""–ø—Ä–µ–¥–∞—Ç–µ–ª—è–º–∏, —Å–µ–ø–∞—Ä–∞—Ç–∏—Å—Ç–∞–º–∏"". –í–µ–¥—å —ç—Ç–∏–º –ª—é–¥—è–º –Ω–µ –Ω—Ä–∞–≤–∏–ª–æ—Å—å –ø—Ä–æ–∏—Å—Ö–æ–¥—è—â–µ–µ, –Ω–µ –Ω—Ä–∞–≤–∏–ª—Å—è –Ω–∞—Ü–∏—Å—Ç—Å–∫–∏–π –Ω–∞—Å—Ç—Ä–æ–π –≤ –∏—Ö –∞–¥—Ä–µ—Å. –î–æ–º –ø—Ä–æ—Ñ—Å–æ—é–∑–æ–≤ –∏ –≥–æ—Ä—è—â–∏–µ —Ç–∞–º –∑–∞–∂–∏–≤–æ –ª—é–¥–∏ (—Å–∫–∞–∂–∏—Ç–µ –º–Ω–µ —á—Ç–æ —ç—Ç–æ? –ù–µ –§–ê–®–ò–ó–ú???) –î–∞–ª–µ–µ –æ–±—Å—Ç—Ä–µ–ª—ã –î–æ–Ω–±–∞—Å—Å–∞, —Ä–∞–±–æ—á–∏–µ –ª—é–¥–∏ –∫–æ—Ç–æ—Ä–æ–≥–æ –Ω–µ –∑–∞—Ö–æ—Ç–µ–ª–∏ —É—á–∞—Å—Ç–≤–æ–≤–∞—Ç—å –≤ —Ñ–æ—Ä–º–∏—Ä–æ–≤–∞–Ω–∏–∏ –Ω–æ–≤–æ–≥–æ –≥–æ—Å—É–¥–∞—Ä—Å—Ç–≤–∞, —Ç.–∫.–∏–º –±—ã –≤ –Ω–µ–º –Ω–µ –±—ã–ª–æ –º–µ—Å—Ç–∞, —Ä—É—Å—Å–∫–æ—è–∑—ã—á–Ω—ã–º... –≤ —Ç–µ—á–µ–Ω–∏–µ –Ω–µ—Å–∫–æ–ª—å–∫–∏—Ö –ª–µ—Ç –æ–±—Å—Ç—Ä–µ–ª—ã. –ò –º–Ω–æ–∂–µ—Å—Ç–≤–æ –ø–æ–≥–∏–±—à–∏—Ö, –≤ —Ç–æ–º —á–∏—Å–ª–µ –¥–µ—Ç–∏!!!¬† –ò –º–Ω–æ–≥–æ –µ—â–µ —á–µ–≥–æ... –ü—Ä–∏–∑–Ω–∞–Ω–∏–µ –°—Ç–µ–ø–∞–Ω–∞ –ë–∞–Ω–¥–µ—Ä—ã –Ω–∞—Ü.–≥–µ—Ä–æ–µ–º! (–∑–∞–≥—É–≥–ª–∏—Ç–µ —Ñ–æ—Ç–æ –µ–≥–æ –æ–º–µ—Ä–∑–∏—Ç–µ–ª—å–Ω—ã—Ö ""–ø–æ–¥–≤–∏–≥–æ–≤"")

–ú–∞—à–∏–Ω–∞ –±—ã–ª–∞ –∑–∞–ø—É—â–µ–Ω–∞ —É–∂–µ —Ç–æ–≥–¥–∞. –î–∞–∂–µ —Ä–∞–Ω—å—à–µ. –ê –∏–º–µ–Ω–Ω–æ: –∫–æ–≥–¥–∞ –≤ –≤–∞—à–∏—Ö –¥–µ—Ç—è—Ö¬† –ª–µ—Ç 20 –Ω–∞–∑–∞–¥ –∏ –±–æ–ª—å—à–µ (—è —Ç–∞–∫ –ø–æ–¥–æ–∑—Ä–µ–≤–∞—é) –≤–∑—Ä–∞—â–∏–≤–∞–ª–∏ –∫–æ—Ä–Ω–∏ –Ω–µ–Ω–∞–≤–∏—Å—Ç–∏ –∫ –Ω–∞–º, –∞ –≤—ã –ª–∏–±–æ –Ω–µ –∑–∞–º–µ—á–∞–ª–∏, –ª–∏–±–æ –Ω–µ —Ö–æ—Ç–µ–ª–∏ —ç—Ç–æ –∑–∞–º–µ—á–∞—Ç—å... –¢–µ–ø–µ—Ä—å –≤–∞—à–∏ –¥–µ—Ç–∏ –≤—ã—Ä–æ—Å–ª–∏. –ò —Ä–≤—É—Ç—Å—è –≤ –±–æ–π –ø—Ä–æ—Ç–∏–≤ —Å–≤–æ–∏—Ö –∂–µ –±—Ä–∞—Ç—å–µ–≤ –∏ —Å–µ—Å—Ç–µ—Ä –≤–æ—Ç —É–∂–µ 8 –ª–µ—Ç. 
–ò –º–Ω–µ –ñ–ê–õ–ö–û –í–ê–®–ò–• –î–ï–¢–ï–ô! –ú–Ω–µ –ñ–ê–õ–ö–û –ù–ê–®–ò–• –î–ï–¢–ï–ô!
–Ø –ú–û–õ–Æ –ë–û–ì–ê, —á—Ç–æ–± –Ω–µ –±—ã–ª–æ –∂–µ—Ä—Ç–≤! –ß—Ç–æ–± –Ω–∞—à–∏ –¥–µ—Ç–∏ –∏ –º—ã —Å –≤–∞–º–∏ –ø–æ–Ω—è–ª–∏, —á—Ç–æ –ú–´-–ù–ï –í–†–ê–ì–ò! –ß—Ç–æ–± –±—Ä–∞—Ç—Å–∫–∏–µ –Ω–∞—Ä–æ–¥—ã –¥–æ–≥–æ–≤–æ—Ä–∏–ª–∏—Å—å –º–µ–∂–¥—É —Å–æ–±–æ–π!

–Ø –†—É—Å—Å–∫–∞—è. –ú–Ω–µ –Ω–µ —Å—Ç—ã–¥–Ω–æ! –ò —Å–µ–π—á–∞—Å —è –≥–æ–≤–æ—Ä—é —Å–≤–æ–∏–º –¥–µ—Ç—è–º, —á—Ç–æ –ª—é–¥–∏ –£–∫—Ä–∞–∏–Ω—ã, –î–æ–Ω–±–∞—Å—Å–∞ –Ω–∞–º –Ω–µ –≤—Ä–∞–≥–∏ –∏ –Ω–µ –≤—Ä–∞–≥–∏ –º–µ–∂–¥—É —Å–æ–±–æ–π! –£ –Ω–∞—Å –æ–¥–Ω–∏ –æ–±—â–∏–µ –∫–æ—Ä–Ω–∏. –ú–µ–Ω—è —Ç–∞–∫ –≤–æ—Å–ø–∏—Ç—ã–≤–∞–ª–∏. –Ø —Ç–∞–∫ –∂–µ –±—É–¥—É –≤–æ—Å–ø–∏—Ç—ã–≤–∞—Ç—å —Å–≤–æ–∏—Ö –¥–µ—Ç–µ–π –∏ –Ω–µ –∏–∑–º–µ–Ω—é —Å–≤–æ–µ –º–Ω–µ–Ω–∏–µ –æ–± —ç—Ç–æ–º, –ø–æ—Ç–æ–º—É —á—Ç–æ —ç—Ç–æ –∏—Å—Ç–æ—Ä–∏—á–µ—Å–∫–∞—è –ø—Ä–∞–≤–¥–∞."
5,"—Ä–æ—Å—Å–∏—è, —Å–∞–Ω–∫—Ü–∏—è, –∫–æ–º–ø–∞–Ω–∏—è, –±–∞–Ω–∫, –≥–∞–∑, –¥–æ–ª–ª–∞—Ä","–ê –≤–æ—Ç –∏ –µ—â–µ –æ–¥–∏–Ω ""–≤—ã–∑–æ–≤"" https://vk.com/wall483872312_9273  - –≤–µ–∫ –µ–≤—Ä–æ –Ω–µ –≤–∏–¥–∞—Ç—å! –ï–° –∑–∞–ø—Ä–µ—Ç–∏–ª, –ø—Ä–æ–¥–∞–≤–∞—Ç—å, –ø–æ—Å—Ç–∞–≤–ª—è—Ç—å, —ç–∫—Å–ø–æ—Ä—Ç–∏—Ä–æ–≤–∞—Ç—å –≤ –†–æ—Å—Å–∏—é –±–∞–Ω–∫–Ω–æ—Ç—ã, –¥–µ–Ω–æ–º–∏–Ω–∏—Ä–æ–≤–∞–Ω–Ω—ã–µ –≤ –µ–≤—Ä–æ.

–ö–∞—Å—Å—ã —Ä–æ—Å—Å–∏–π—Å–∫–∏—Ö –±–∞–Ω–∫–æ–≤, –≤–∏–¥–∏–º–æ, –±—É–¥—É—Ç –±—Ä–∞—Ç—å —à—Ç—É—Ä–º–æ–º. –ï—Å–ª–∏, –∫–æ–Ω–µ—á–Ω–æ, –≤ –Ω–∏—Ö —Ö–æ—Ç—å —á—Ç–æ-—Ç–æ –æ—Å—Ç–∞–ª–æ—Å—å.

–°–ï–†–ü–û–ú–ü–û https://t.me/SerpomPo
#–ù–ï–¢–í–û–ô–ù–ï
https://t.me/bbbreaking/117584","Raiffeisen Bank –∏–∑—É—á–∞–µ—Ç –≤–æ–∑–º–æ–∂–Ω–æ—Å—Ç—å —É—Ö–æ–¥–∞ –∏–∑ –†–æ—Å—Å–∏–∏ #–£–∫—Ä–∞–∏–Ω–∞ #–ù–µ—Ç–í–æ–π–Ω–µ #–ì–µ–Ω–æ—Ü–∏–¥
https://ria.ru/20220301/bank-1775851194.html","C.–°–ª–µ–ø–∞–∫–æ–≤ 
 
–ê –≤ –†–æ—Å—Å–∏–∏ –±—ã–ª–æ –≤—Å—ë- –∏ —Ä–µ—Å—É—Ä—Å—ã –∏ —Å—ã—Ä—å—ë,
–ò –≤–∞–ª—é—Ç–Ω—ã–π –∫–∞–ø–∏—Ç–∞–ª, –∏ –≤–æ–µ–Ω–Ω—ã–π –∞—Ä—Å–µ–Ω–∞–ª.
–ó–Ω–∞–º–µ–Ω–∏—Ç—ã–µ –∞—Ä—Ç–∏—Å—Ç—ã –∏ —Å–º–µ—à–Ω—ã–µ —é–º–æ—Ä–∏—Å—Ç—ã,
–ë—ã–ª–∏ —Ç–µ–Ω–æ—Ä—ã, –±–∞—Å—ã, –¥–∞–∂–µ –∫–æ—Ä–æ–ª–∏ –ø–æ–ø—Å—ã,
–¢–µ–Ω–Ω–∏—Å–∏—Å—Ç—ã, –¥–∏—Ä–∏–∂—ë—Ä—ã, —Ñ–∏–≥—É—Ä–∏—Å—Ç—ã –∏ –±–æ–∫—Å—ë—Ä—ã.
–ê —Å–µ–≥–æ–¥–Ω—è –Ω–µ –Ω—É–∂–Ω—ã‚Ä¶ –í—ã—Ö–æ–¥—Ü—ã —Å —Ç–∞–∫–æ–π —Å—Ç—Ä–∞–Ω—ã.

–ê –≤ –†–æ—Å—Å–∏–∏ –±—ã–ª–∏ –≤—Å–µ - –ú–µ—Ä—Å–µ–¥–µ—Å—ã –∏ –ü–æ—Ä—à–µ,
–ò –°–∞–º—Å—É–Ω–≥, –∏ –ê–¥–∏–¥–∞—Å, –∏ –°—Ç–∞—Ä–±–∞–∫—Å, –∏ –≠–∏—Ä–±–∞—Å,
–ë—ã–ª–∏ –õ–µ–≥–æ, –ü—Ä–∞–¥–∞, –ì—É—á—á–∏, –†–æ–ª–µ–∫—Å, –ú–∞–π–∫—Ä–æ—Å–æ—Ñ—Ç –∏ –ü—É—á—á–∏.
–ó–∞—Ä–∞, –ê–ø–ø–ª –∏ –ê–π–∫–∏—è, –°–∏–º–º–æ–Ω—Å, –≠—Ä–∏–∫—Å–æ–Ω, –ù–æ–∫–∏—è,
–ù–µ—Ç—Ñ–ª–∏–∫—Å, –î–µ–ª–ª –∏ –°–ø–æ—Ç–∏—Ñ–∞–π-
–î—Ä—É–∂–Ω–æ –≤—Å–µ —Å–∫–∞–∑–∞–ª–∏ ¬´–ë–∞–π¬ª.
–ü–æ–∫–∞ –ü—É —Ä—É–ª–∏—Ç –≤ —Å—Ç—Ä–∞–Ω–µ, –∏–º–ø–æ—Ä—Ç–∞ –≤ –†–æ—Å—Å–∏—é –Ω–µ—Ç.
–ê —Ä–æ—Å—Å–∏–π—Å–∫–æ–µ –∂—É–ª—å—ë –≤ –º–∏—Ä–µ —Ä–∞—Å–∫—É–ø–∏–ª–æ –≤—Å—ë-
–ò –Ω—å—é-–π–æ—Ä–∫—Å–∫–∏–µ –∫–≤–∞—Ä—Ç–∏—Ä—ã –∏ –∏—Ä–ª–∞–Ω–¥—Å–∫–∏–µ —Ç—Ä–∞–∫—Ç–∏—Ä—ã.
–í–∏–Ω–æ–¥–µ–ª—å–Ω–∏, —Å–∞–º–æ–ª—ë—Ç—ã,
–û—Å—Ç—Ä–æ–≤–∞ –∏ –≤–µ—Ä—Ç–æ–ª—ë—Ç—ã.
–Ø—Ö—Ç—ã, –≤–∏–ª–ª—ã –∏ –¥–≤–æ—Ä—Ü—ã –ø—Ä–∏–∫—É–ø–∏–ª–∏ —É–¥–∞–ª—å—Ü—ã.
–î–∞–∂–µ –≤ –ß–µ–ª—Å–∏ –∫–ª—É–± —Ñ—É—Ç–±–æ–ª—å–Ω—ã–π
–≤–∑—è–ª–∏ –≤–µ—Å—å –ø–∞–∫–µ—Ç –∫–æ–Ω—Ç—Ä–æ–ª—å–Ω—ã–π.
–¢–æ–ª—å–∫–æ —Ç–æ–ª–∫—É —á—Ç–æ —Å —Ç–æ–≥–æ?
–í–µ–¥—å —Å–µ–π—á–∞—Å –ª–∏—à–∞—Ç –≤—Å–µ–≥–æ.

–ö–∞–∫ –∂–µ —ç—Ç–æ –≤—ã—à–ª–æ —Ç–∞–∫? –ß—Ç–æ –æ–¥–∏–Ω –±–æ–ª—å–Ω–æ–π —á—É–¥–∞–∫.
–ú–∏—Ä—É –æ–±—ä—è–≤–∏–≤ –≤–æ–π–Ω—É, —Ä–∞–∑–≤–∞–ª–∏–ª —Å–≤–æ—é —Å—Ç—Ä–∞–Ω—É.
–ö–∞–∫ –∂–µ —ç—Ç–æ –Ω–µ –ø–æ–Ω—è—Ç—å?-–û–Ω –æ—Ç–ø—Ä–∞–≤–∏–ª –≤–æ–µ–≤–∞—Ç—å.
–ü–æ—á–µ–º—É –Ω–µ —è—Å–Ω–æ –≤–∞–º?- –û–Ω —É–±–∏–π—Ü–∞ –∏ —Ç–∏—Ä–∞–Ω.
–í–∞—à–∏ —É–≥–æ–ª—å, –Ω–µ—Ñ—Ç—å –∏ –≥–∞–∑ –ø—Ä—è–º —Å–µ–π—á–∞—Å –±–æ–º–±—è—Ç –î–æ–Ω–±–∞—Å—Å,
–ö–∏–µ–≤, –•–∞—Ä—å–∫–æ–≤ –∏ –•–µ—Ä—Å–æ–Ω
–£–±–∏–≤–∞–µ—Ç –∑–ª–æ–±–Ω–æ –æ–Ω.
–û–Ω –†–æ—Å—Å–∏—é –±—Ä–æ—Å–∏–ª, –≥–∞–¥, –ª–µ—Ç –Ω–∞ —Å–æ—Ä–æ–∫ –ø—è—Ç—å –Ω–∞–∑–∞–¥.
–ü–æ–∫–∞ –ø—Ä–∞–≤–∏—Ç –ü—É –≤ —Å—Ç—Ä–∞–Ω–µ.
–ë—É–¥–µ—Ç –∂–∏—Ç—å –Ω–∞—Ä–æ–¥ –≤ –≥*–≤–Ω–µ‚Ä¶
#–Ω–µ—Ç–≤–æ–π–Ω–µ #–ø—É—Ç–∏–Ω–ø—Ä–µ—Å—Ç—É–ø–Ω–∏–∫ #—Ä–æ—Å—Å–∏—è–±–µ–∑–ø—É—Ç–∏–Ω–∞"
6,"–ø–æ–≥–∏–±–∞—Ç—å, –≤–æ–π–Ω–∞, –≤–æ–µ–Ω–Ω—ã–π, —Ä–µ–±–µ–Ω–æ–∫, –ø–æ—Ç–µ—Ä—è, –≥–æ—Ä–æ–¥","–¢–≤–∏—Ç—Ç–µ—Ä –ª–µ–∂–∏—Ç, –ø–æ—ç—Ç–æ–º—É –∑–¥–µ—Å—å.
–° 2015 –≥–æ–¥–∞ —è –∑–∞–Ω–∏–º–∞—é—Å—å —Ä–µ–∞–±–∏–ª–∏—Ç–∞—Ü–∏–µ–π –¥–µ—Ç–µ–π-–∏–Ω–≤–∞–ª–∏–¥–æ–≤. –Ø –ø–æ—à–ª–∞ –≤ –≥—É–º–∞–Ω–∏—Ç–∞—Ä–Ω—É—é –ø—Ä–æ—Ñ–µ—Å—Å–∏—é, —á—Ç–æ–±—ã –æ—Å—Ç–∞–≤–∏—Ç—å –∑–∞ —Å–æ–±–æ–π –≤ –º–∏—Ä–µ —Å–ª–µ–¥ –¥–æ–±—Ä–∞. –Ø —Å–ø–µ—Ü–∏–∞–ª–∏—Å—Ç –≤—ã—Å–æ–∫–æ–π –∫–≤–∞–ª–∏—Ñ–∏–∫–∞—Ü–∏–∏, –Ω–æ —á—Ç–æ –≤–∞–∂–Ω–µ–µ - –º–æ–∏ —É—á–µ–Ω–∏–∫–∏ –ª—é–±—è—Ç –º–µ–Ω—è –∏ –ø–æ-–Ω–∞—Å—Ç–æ—è—â–µ–º—É –∂–¥—É—Ç –≤—Å—Ç—Ä–µ—á —Å–æ –º–Ω–æ–π. –Ø —É—á—É –∏—Ö —Å–∞–º—ã–º –æ–±—ã–∫–Ω–æ–≤–µ–Ω–Ω—ã–º –≤–µ—â–∞–º, –∫–æ—Ç–æ—Ä—ã–µ –ø–æ–∑–≤–æ–ª—è—é—Ç —É–ª—É—á—à–∏—Ç—å –∫–∞—á–µ—Å—Ç–≤–æ –∏—Ö –∂–∏–∑–Ω–∏: —Å–∞–º–æ—Å—Ç–æ—è—Ç–µ–ª—å–Ω–æ –∫—É—à–∞—Ç—å, –æ–¥–µ–≤–∞—Ç—å—Å—è, —Å–æ–±–ª—é–¥–∞—Ç—å –≥–∏–≥–∏–µ–Ω—É, —Ä–∞–∑–≥–æ–≤–∞—Ä–∏–≤–∞—Ç—å, –∏–≥—Ä–∞—Ç—å, –≤–µ—Å—Ç–∏ —Å–µ–±—è –≤ –∫–æ–ª–ª–µ–∫—Ç–∏–≤–µ. –ù–µ–∫–æ—Ç–æ—Ä—ã–µ –∏–∑ –º–æ–∏—Ö —É—á–µ–Ω–∏–∫–æ–≤ —Å —Ç—Ä—É–¥–æ–º —Ö–æ–¥—è—Ç, –±–æ–ª—å—à–∏–Ω—Å—Ç–≤–æ - –∏–º–µ—é—Ç –º–µ–Ω—Ç–∞–ª—å–Ω—ã–µ —Ç—Ä—É–¥–Ω–æ—Å—Ç–∏, –Ω–µ –ø–æ–∑–≤–æ–ª—è—é—â–∏–µ –æ—Å—Ç–∞–≤–ª—è—Ç—å –∏—Ö –±–µ–∑ –ø—Ä–∏—Å–º–æ—Ç—Ä–∞. 
–û–Ω–∏ –±—É–¥—É—Ç –ø–µ—Ä–≤—ã–º–∏, –∫—Ç–æ –ø–æ–≥–∏–±–Ω–µ—Ç –≤ —Å–ª—É—á–∞–µ, –µ—Å–ª–∏ –≤–æ–π–Ω–∞ –ø—Ä–∏–¥—ë—Ç –≤ –Ω–∞—à–∏ –≥–æ—Ä–æ–¥–∞. –°–µ–π—á–∞—Å, –∫ –º–æ–µ–º—É —É–∂–∞—Å—É, —ç—Ç–æ –º–æ–∂–µ—Ç –±—ã—Ç—å —Ä–µ–∞–ª—å–Ω–æ–π –ø–µ—Ä—Å–ø–µ–∫—Ç–∏–≤–æ–π. –í–µ–¥—å –Ω–µ–¥–µ–ª—é –Ω–∞–∑–∞–¥ —è –±—ã–ª–∞ —É–≤–µ—Ä–µ–Ω–∞, —á—Ç–æ –Ω–∏—á—Ç–æ –Ω–µ –≥—Ä–æ–∑–∏—Ç –∂–∏—Ç–µ–ª—è–º –ö–∏–µ–≤–∞.
–ï—Å–ª–∏ –≤—ã —Ö–æ—Ç–∏—Ç–µ –∂–∏—Ç—å –≤ –º–∏—Ä–µ, –ø–æ–∂–∞–ª—É–π—Å—Ç–∞, –≥–æ–≤–æ—Ä–∏—Ç–µ –æ–± —ç—Ç–æ–º. #–Ω–µ—Ç–≤–æ–π–Ω–µ","42 —Å—É—Ç–∫–∏ –≤—Ç–æ—Ä–∂–µ–Ω–∏—è –†–æ—Å—Å–∏–∏ 
–ü—É—Ç–∏–Ω—Å–∫–∏–µ –≤–æ–π—Å–∫–∞ —É–±–∏–ª–∏ 167 –¥–µ—Ç–µ–π –≤ –£–∫—Ä–∞–∏–Ω–µ 
–î–≤–∞ —Ä–µ–±–µ–Ω–∫–∞ –ø–æ–≥–∏–±–ª–∏ —Ç–æ–ª—å–∫–æ –∑–∞ –ø–æ—Å–ª–µ–¥–Ω–∏–µ —Å—É—Ç–∫–∏.
 
#–ù–µ–≤–∑–æ—Ä–æ–≤ 
#–ø—É—Ç–∏–Ω #–≤–æ–π–Ω–∞ 
#–Ω–µ—Ç–≤–æ–π–Ω–µ #–£–∫—Ä–∞–∏–Ω–∞ #–≤–æ–π–Ω–∞—Å—É–∫—Ä–∞–∏–Ω–æ–π #—É–∫—Ä–∞–∏–Ω–∞—Ä–æ—Å—Å–∏—è #–≤–æ–π–Ω–∞—É–∫—Ä–∞–∏–Ω–∞—Ä–æ—Å—Å–∏—è #–†–æ—Å—Å–∏—è #–î–æ–Ω–±–∞—Å—Å","Forbes: —É —É–∫—Ä–∞–∏–Ω—Å–∫–æ–π –∞—Ä–º–∏–∏ —Å–µ–π—á–∞—Å –Ω–∞ 43 —Ç–∞–Ω–∫–∞ –±–æ–ª—å—à–µ, —á–µ–º –≤ –Ω–∞—á–∞–ª–µ –≤–æ–π–Ω—ã.

–ü–æ –ø–æ–¥—Å—á—ë—Ç–∞–º –∞–Ω–∞–ª–∏—Ç–∏–∫–æ–≤, —Å –Ω–∞—á–∞–ª–∞ —Ä–æ—Å—Å–∏–π—Å–∫–æ–≥–æ –≤—Ç–æ—Ä–∂–µ–Ω–∏—è –≤ –£–∫—Ä–∞–∏–Ω—É –∞—Ä–º–∏—è –†–§ –ª–∏—à–∏–ª–∞—Å—å 530 —Ç–∞–Ω–∫–æ–≤, —Ç–æ–≥–¥–∞ –∫–∞–∫ –í–°–£ –ø–æ—Ç–µ—Ä—è–ª–∏ 74 —Å–≤–æ–∏—Ö, –Ω–æ –∑–∞—Ö–≤–∞—Ç–∏–ª–∏ 117 —Ç–∞–Ω–∫–æ–≤ –≤—Ä–∞–≥–∞.
#–Ω–µ—Ç–≤–æ–π–Ω–µ #StopRussia #stopputin #–°–∞–π–≥–∞5.45
–ù–∞ —Ñ–æ—Ç–æ –Ω–µ —Ç–∞–Ω–∫, –∞ —Ä—É—Å—Å–∫–∏–π –≤–æ–µ–Ω–Ω—ã–π –∫–æ—Ä–∞–±–ª—å –≤ –ø—É—Ç–∏:"
7,"–¥–æ–º, —Ä–∞–π–æ–Ω, –æ–±—Å—Ç—Ä–µ–ª, –≥–æ—Ä–æ–¥, —Ä–∞–∫–µ—Ç–∞, –∂–∏–ª–æ–π –¥–æ–º","–ü–æ–¥–±–æ—Ä–∫–∞ –æ—Å–Ω–æ–≤–Ω—ã—Ö ""–ø–æ–¥–∞—Ä–∫–æ–≤""  –æ—Ç —Ä—É—Å—Å–∫–æ–≥–æ –º–∏—Ä–∞ –∫ –£–∫—Ä–∞–∏–Ω–µ –∑–∞ 2 –Ω–µ–¥–µ–ª–∏ –≤–æ–π–Ω—ã, —ç—Ç–∏ –¥–æ–º–∞ –æ–±—Å—Ç—Ä–µ–ª–∏–≤–∞–ª–∏ —Ä–∞–∫–µ—Ç–∞–º–∏. –¢–æ –µ—Å—Ç—å, –ø–µ—Ä–µ—Ñ—Ä–∞–∑–∏—Ä—É—é - –ø–æ–µ—Ö–∞–≤—à–∏–π –¥–µ–¥   –≤–æ –≥–ª–∞–≤–µ –û–ü–ì(–≤—Å–µ –≤—ã—Å—à–µ–µ —Ä—É–∫–æ–≤–æ–¥—Å—Ç–≤–æ –†–§), –æ—Ç –∏–º–µ–Ω–∏ –≤—Å–µ—Ö —Ä–æ—Å—Å–∏—è–Ω, –≤ —Ä–∞–º–∫–∞—Ö ""–°–ø–µ—Ü–∏–∞–ª—å–Ω–æ–π —Ç–µ—Ä—Ä–æ—Ä–∏—Å—Ç–∏—á–µ—Å–∫–æ–π –æ–ø–µ—Ä–∞—Ü–∏–∏"" –±–æ–º–±–∏–ª –º–∏—Ä–Ω—ã–µ –≥–æ—Ä–æ–¥–∞ –¥—Ä—É–≥–æ–π —Å—Ç—Ä–∞–Ω—ã. 
#–ø—É—Ç–∏–Ω—Ö—É–π–ª–æ, #—É–∫—Ä–∞–∏–Ω–∞, #–≤–æ–π–Ω–∞, #–Ω–µ—Ç–≤–æ–π–Ω–µ, #—Ä—É—Å—Å–∫–∏–π–º–∏—Ä,  #—Ç–µ—Ä—Ä–æ—Ä–∏–∑–º, #—Ñ–∞—à–∏–∑–º,","–ì–¥–µ –≤–∑—è—Ç—å —Å–ª–µ–∑, –∏—Ö –Ω–µ—Ç –±–æ–ª—å—à–µ...
–≠—Ç–æ —Ñ–æ—Ç–æ –ø–æ–≥–∏–±—à–µ–π 6 –ª–µ—Ç–Ω–µ–π –¥–µ–≤–æ—á–∫–∏ –ø–æ–¥ –∑–∞–≤–∞–ª–∞–º–∏... –û—Ç —Ä–æ—Å—Å–∏–π—Å–∫–æ–π —Ä–∞–∫–µ—Ç—ã...

–°–µ–≥–æ–¥–Ω—è —É—Ç—Ä–æ–º —Å—Ä–∞–∑—É –≤–æ—Å–µ–º—å —Ä–∞–∫–µ—Ç –±—ã–ª–∏ –≤—ã–ø—É—â–µ–Ω—ã –ø–æ –ù–∏–∫–æ–ª–∞–µ–≤—É. –û–Ω–∏ –ø–æ–ø–∞–ª–∏ –≤ —Ä–∞–∑–Ω—ã–µ —Ä–∞–π–æ–Ω—ã –≥–æ—Ä–æ–¥–∞, –æ–¥–Ω–∞ –∏–∑ –Ω–∏—Ö ‚Äì –≤ –ø—è—Ç–∏—ç—Ç–∞–∂–Ω—ã–π –∂–∏–ª–æ–π –¥–æ–º. –í —Ä–µ–∑—É–ª—å—Ç–∞—Ç–µ —É–¥–∞—Ä–∞ –µ—Å—Ç—å –ø–æ–≥–∏–±—à–∏–µ –∏ —Ä–∞–Ω–µ–Ω—ã–µ. (c)
++++++
–ú–∏–Ω–æ–±–æ—Ä–æ–Ω—ã –†–§ —Å–æ–æ–±—â–∞–µ—Ç –æ–± —É–Ω–∏—á—Ç–æ–∂–µ–Ω–∏–∏ –≤—ã—Å–æ–∫–æ—Ç–æ—á–Ω—ã–º–∏ —Ä–∞–∫–µ—Ç–∞–º–∏ –±–∞–∑—ã –ø–æ–¥–≥–æ—Ç–æ–≤–∫–∏ –∏–Ω–æ—Å—Ç—Ä–∞–Ω–Ω—ã—Ö –Ω–∞—ë–º–Ω–∏–∫–æ–≤ –≤ —Ä–∞–π–æ–Ω–µ –≥–æ—Ä–æ–¥–∞ –ù–∏–∫–æ–ª–∞–µ–≤.
–ù–∞ —Ñ–æ—Ç–æ—Å–Ω–∏–º–∫–∞—Ö —Ç–∞ —Å–∞–º–∞—è ¬´–±–∞–∑–∞ –∏–Ω–æ—Å—Ç—Ä–∞–Ω–Ω—ã—Ö –Ω–∞—ë–º–Ω–∏–∫–æ–≤¬ª. (c)
+++++
–í —Å–≤–æ–¥–∫–µ —Ä–æ—Å—Å–∏–π—Å–∫–æ–≥–æ –º–∏–Ω–∏—Å—Ç–µ—Ä—Å—Ç–≤–∞ –æ–±–æ—Ä–æ–Ω—ã –≥–æ–≤–æ—Ä–∏—Ç—Å—è, —á—Ç–æ –≤ —Ä–∞–π–æ–Ω–µ –ù–∏–∫–æ–ª–∞–µ–≤–∞ –Ω–∞—Ö–æ–¥–∏–ª–∞—Å—å ""–±–∞–∑–∞ –ø–æ–¥–≥–æ—Ç–æ–≤–∫–∏ –∏–Ω–æ—Å—Ç—Ä–∞–Ω–Ω—ã—Ö –Ω–∞–µ–º–Ω–∏–∫–æ–≤, –∫–æ—Ç–æ—Ä–∞—è –±—ã–ª–∞ —É–Ω–∏—á—Ç–æ–∂–µ–Ω–∞"". –ù–∞ –∫–∞–¥—Ä–∞—Ö —Å –º–µ—Å—Ç–∞ –≤–∏–¥–µ–Ω –æ–±—ã—á–Ω—ã–π –∂–∏–ª–æ–π –¥–æ–º. –°–ø–∞—Å–∞—Ç–µ–ª–∏, —Ä–∞–∑–±–∏—Ä–∞–≤—à–∏–µ –∑–∞–≤–∞–ª—ã, —Å–æ–æ–±—â–∏–ª–∏, —á—Ç–æ –≤ –æ–¥–Ω–æ–º –ø–æ–¥—ä–µ–∑–¥–µ —Ä–∞–∑—Ä—É—à–µ–Ω—ã –∫–≤–∞—Ä—Ç–∏—Ä—ã —Å —Ç—Ä–µ—Ç—å–µ–≥–æ –ø–æ –ø—è—Ç—ã–π —ç—Ç–∞–∂. –ü—Ä–æ–∫—É—Ä–∞—Ç—É—Ä–∞ –æ–±–ª–∞—Å—Ç–∏ –Ω–∞—á–∞–ª–∞ —Ä–∞—Å—Å–ª–µ–¥–æ–≤–∞–Ω–∏–µ –ø–æ —Ñ–∞–∫—Ç—É –Ω–∞—Ä—É—à–µ–Ω–∏—è –∑–∞–∫–æ–Ω–æ–≤ –∏ –æ–±—ã—á–∞–µ–≤ –≤–æ–π–Ω—ã. –°–ø–∞—Å–∞—Ç–µ–ª—å–Ω–∞—è –æ–ø–µ—Ä–∞—Ü–∏—è –ø—Ä–æ–¥–æ–ª–∂–∞–µ—Ç—Å—è, –ø–æ–¥ –∑–∞–≤–∞–ª–∞–º–∏ –æ—Å—Ç–∞—é—Ç—Å—è –ª—é–¥–∏. (c)
*******************************************************************************************
–í–æ–∑–º–æ–∂–Ω–æ —á—Ç–æ —Ç–∞–∫ –Ω–∞–∑—ã–≤–∞–µ–º—ã–µ ¬´–≤—ã—Å–æ–∫–æ—Ç–æ—á–Ω—ã–µ —Ä–∞–∫–µ—Ç—ã¬ª –Ω–µ —Ç–∞–∫ —Ç–æ—á–Ω—ã, –∫–∞–∫ –Ω–∞–º —Å–ª–µ–¥—É–µ—Ç –¥—É–º–∞—Ç—å! –ï—Å–ª–∏ –í–° –†–§ –¥–µ–ª–∞—é—Ç –≤–∏–¥, —á—Ç–æ –∏—Ö –∏—Å–ø–æ–ª—å–∑—É—é—Ç, –Ω—É –∏ —Ä–µ–∑—É–ª—å—Ç–∞—Ç—ã –æ—á–µ–≤–∏–¥–Ω–æ —É–∂–∞—Å–∞—é—â–∏–µ. –ö–∞–∫ –º—ã –Ω–∞–∑—ã–≤–∞–µ–º –Ω–µ—Å—á–∞—Å—Ç–Ω—ã–µ —Å–ª—É—á–∞–∏ –∏–ª–∏ –Ω–µ–∏—Å–ø—Ä–∞–≤–Ω–æ—Å—Ç—å –æ—Ä—É–∂–∏—è? –î–∞, ""—Å–æ–ø—É—Ç—Å—Ç–≤—É—é—â–∏–π —É—â–µ—Ä–±!"", –ø—Ä–æ–∏—Å—Ö–æ–¥–∏—Ç —Å –ø–µ—Ä–≤–æ–≥–æ –¥–Ω—è –≤–æ–π–Ω—ã –¥–æ –ø–æ–¥–ø–∏—Å–∞–Ω–∏—è –º–∏—Ä–Ω–æ–≥–æ —Å–æ–≥–ª–∞—à–µ–Ω–∏—è! #jgh
*******************************************************************************************
#–Ω–µ—Ç–≤–æ–π–Ω–µ #—è–ø—Ä–æ—Ç–∏–≤–≤–æ–π–Ω—ã #—É–∫—Ä–∞–∏–Ω–∞ #—Ä–æ—Å—Å–∏—è #—è–Ω–µ–º–æ–ª—á—É #Z–∞–º–∏—Ä #Z–∞—Ä–æ—Å—Å–∏—é","–í –ú–∞—Ä–∏—É–ø–æ–ª–µ —Ä–æ—Å—Å–∏–π—Å–∫–∏–π –ø–∏–ª–æ—Ç —Ü–µ–ª–µ–Ω–∞–ø—Ä–∞–≤–ª–µ–Ω–Ω–æ –±–æ–º–±–∏–ª –¥–µ—Ç—Å–∫—É—é –±–æ–ª—å–Ω–∏—Ü—É. –ö–æ–ª–æ—Å—Å–∞–ª—å–Ω—ã–µ —Ä–∞–∑—Ä—É—à–µ–Ω–∏—è. –ù–µ—Ç —Å—Ä–æ–∫–∞ –¥–∞–≤–Ω–æ—Å—Ç–∏ –∏ –ø—Ä–æ—â–µ–Ω–∏—è –∑–∞ –≤–æ–µ–Ω–Ω—ã–µ –ø—Ä–µ—Å—Ç—É–ø–ª–µ–Ω–∏—è –∏ —É–±–∏–π—Å—Ç–≤–æ –¥–µ—Ç–µ–π!

#–£–∫—Ä–∞–∏–Ω–∞ #–†–æ—Å—Å–∏—è #–ë–µ–ª–∞—Ä—É—Å—å #–í–æ–π–Ω–∞ #–ø—Ä–æ–ø–∞–≥–∞–Ω–¥–∞ #–Ω–µ—Ç–≤–æ–π–Ω–µ #—Å–∞–Ω–∫—Ü–∏–∏ #–º–∏—Ç–∏–Ω–≥"
8,"—Ñ–∞—à–∏–∑–º, –≤–æ–π–Ω–∞, –º–∏—Ä, —Ä—É—Å—Å–∫–∏–π, —É–∫—Ä–∞–∏–Ω—Å–∫–∏–π —Ñ–∞—à–∏–∑–º, —Ñ–∞—à–∏—Å—Ç","–ï—Å—Ç—å –æ–¥–Ω–æ —Å—É—â–µ—Å—Ç–≤–µ–Ω–Ω–æ–µ –æ—Ç–ª–∏—á–∏–µ –º–µ–∂–¥—É —Ñ–∞—à–∏—Å—Ç—Å–∫–∏–º–∏ —Ä–µ–∂–∏–º–∞–º–∏ –ì–∏—Ç–ª–µ—Ä–∞ –∏ –ü—É—Ç–∏–Ω–∞: –ø—Ä–∏ –ì–∏—Ç–ª–µ—Ä–µ —Ñ–∞—à–∏–∑–º —Å–æ–ø—Ä–æ–≤–æ–∂–¥–∞–ª—Å—è –ø–æ–¥—ä–µ–º–æ–º –Ω–µ–º–µ—Ü–∫–æ–π —ç–∫–æ–Ω–æ–º–∏–∫–∏, –ø—Ä–∏ –ü—É—Ç–∏–Ω–µ –∂–µ –≤ –†–æ—Å—Å–∏–∏ —Ñ–∞—à–∏–∑–º –∏–¥–µ—Ç —Å–≤–æ–∏–º –æ—Å–æ–±—ã–º ""—Å–∫–∞–∑–æ—á–Ω—ã–º"" –ø—É—Ç—ë–º. –ù–æ —Å–ª–∞–±–æ—É–º–Ω—ã–π –ø—É—Ç–∏–Ω—Å–∫–∏–π —ç–ª–µ–∫—Ç–æ—Ä–∞—Ç –≤ —Å–∏–ª—É —Å–≤–æ–µ–≥–æ —Å–ª–∞–±–æ—É–º–∏—è –Ω–µ –≤ —Å–æ—Å—Ç–æ—è–Ω–∏–∏ –ø–æ–Ω—è—Ç—å –¥–∞–∂–µ —ç—Ç–æ–≥–æ ü§¶‚Äç‚ôÄ 
 
#—É–∫—Ä–∞–∏–Ω–∞ #–¥–Ω—Ä #–ª–Ω—Ä #–ª–¥–Ω—Ä #–ª—É–≥–∞–Ω—Å–∫ #–¥–æ–Ω–µ—Ü–∫ #–¥–æ–Ω–±–∞—Å—Å #–Ω–µ—Ç–≤–æ–π–Ω–µ—Å—É–∫—Ä–∞–∏–Ω–æ–π #–Ω–µ—Ç–≤–æ–π–Ω–µ","–†—É—Å—Å–∫–∏–π!  
 
–†–∞–¥–∏ —á–µ–≥–æ —Ç—ã –µ–¥–µ—à—å –≤–æ–µ–≤–∞—Ç—å –≤ –£–∫—Ä–∞–∏–Ω—É?  
 
–ú—ã ‚Äî –±—É–¥–µ–º –≤–æ–µ–≤–∞—Ç—å –∑–∞ —Å–≤–æ–π –¥–æ–º. –ë—É–¥–µ–º –∑–∞—â–∏—â–∞—Ç—å —Å–≤–æ–π —É–∫–ª–∞–¥. –ë—É–¥–µ–º –±–∏—Ç—å—Å—è –∑–∞ —Ç–æ, —á—Ç–æ –Ω–∞–º –¥–æ—Ä–æ–≥–æ. –ó–∞ —Å–≤–æ—é –∑–µ–º–ª—é, –Ω–∞—Ä–æ–¥ –∏ —Å—Ç—Ä–∞–Ω—É.  
 
–ê —Ç—ã? 
 
–ë—É–¥–µ—à—å ""–∑–∞—â–∏—â–∞—Ç—å"" —Ä—É—Å—Å–∫–æ—è–∑—ã—á–Ω–æ–µ –Ω–∞—Å–µ–ª–µ–Ω–∏–µ?  
 
–¢–∞–∫ —Ç—ã—Å—è—á–∏ —É–∫—Ä–∞–∏–Ω—Å–∫–∏—Ö —Å–æ–ª–¥–∞—Ç –≥–æ–≤–æ—Ä—è—Ç –Ω–∞ —Ä—É—Å—Å–∫–æ–º, –∏ —Ç—ã –±—É–¥–µ—à—å –≤–æ–µ–≤–∞—Ç—å –ø—Ä–æ—Ç–∏–≤ –Ω–∏—Ö? –ì–¥–µ –ª–æ–≥–∏–∫–∞? 
 
–ë—É–¥–µ—à—å —Å–ø–∞—Å–∞—Ç—å –Ω–∞—Å –æ—Ç –≥–µ–π-–ó–∞–ø–∞–¥–∞? 
 
–ü–æ—Å–º–æ—Ç—Ä–∏ –∫—Ç–æ –ø–æ–ø—É–ª—è—Ä–µ–Ω —É —Ä—É—Å—Å–∫–∏—Ö –¥–µ—Ç–µ–π, –Ω–∞ –∫–æ–≥–æ –æ–Ω–∏ –ø–æ–¥–ø–∏—Å–∞–Ω—ã –∏ –æ—Ç –∫–æ–≥–æ —Ñ–∞–Ω–∞—Ç–µ—é—Ç ‚Äî –ú–∏–ª–æ—Ö–∏–Ω—ã, –î–∞—à–∏ –ö–æ—Ä–µ–π–∫–∏, –ü–µ—Ç—Ä–æ–≤—ã –∏ —Ç–¥. –ì–µ–π-–ó–∞–ø–∞–¥ –¥–∞–≤–Ω–æ —É–∂–µ –ø–æ–±–µ–¥–∏–ª —É —Ç–µ–±—è –¥–æ–º–∞.  
 
–ë—É–¥–µ—à—å –±–æ—Ä–æ—Ç—å—Å—è –ø—Ä–æ—Ç–∏–≤ ""—Ñ–∞—à–∏–∑–º–∞""?  
 
–†—É—Å—Å–∫–∏–π, —Ç—ã –¥–∞–≤–Ω–æ —É–∂–µ —á–µ–ª–æ–≤–µ–∫ –≤—Ç–æ—Ä–æ–≥–æ —Å–æ—Ä—Ç–∞ –≤ —Å–≤–æ–µ–π –∂–µ —Å—Ç—Ä–∞–Ω–µ. –¢–µ–±—è –∑–∞–º–µ—â–∞—é—Ç —Å—Ä–µ–¥–Ω–µ–∞–∑–∏–∞—Ç–∞–º–∏ –∏ –∫–∞–≤–∫–∞–∑—Ü–∞–º–∏. –†—É—Å—Å–∫–∏–µ —Å–∫–æ—Ä–æ —Å—Ç–∞–Ω—É—Ç –º–µ–Ω—å—à–∏–Ω—Å—Ç–≤–æ–º –≤ –†–æ—Å—Å–∏–∏. –†—É—Å—Å–∫–∏—Ö –¥–µ—Ç–µ–π –≤—Å–µ –º–µ–Ω—å—à–µ –≤ —à–∫–æ–ª–∞—Ö, –ø–æ —Å—Ä–∞–≤–Ω–µ–Ω–∏—é —Å –¥–µ—Ç—å–º–∏ –º–∏–≥—Ä–∞–Ω—Ç–æ–≤. 
 
–í–∞—Å —Å–∞–∂–∞—é—Ç –ø–æ 282 –∑–∞ –º–∞–ª–µ–π—à–∏–π –ø–∏—Å–∫ –≤ —Å—Ç–æ—Ä–æ–Ω—É –ö–∞–≤–∫–∞–∑–∞, –∞ –æ–Ω–∏ —Å–≤–æ–±–æ–¥–Ω–æ —Ç–∞–Ω—Ü—É—é—Ç –ª–µ–∑–≥–∏–Ω–∫—É –Ω–∞ —Ü–µ–Ω—Ç—Ä–∞–ª—å–Ω—ã—Ö –ø–ª–æ—â–∞–¥—è—Ö –≤–∞—à–∏—Ö –≥–æ—Ä–æ–¥–æ–≤ –∏ –ø–æ–ª—É—á–∞—é—Ç —Ä—É–∫–æ–≤–æ–¥—è—â–∏–µ –¥–æ–ª–∂–Ω–æ—Å—Ç–∏ –≤ —Å–∏–ª–æ–≤—ã—Ö —Å—Ç—Ä—É–∫—Ç—É—Ä–∞—Ö. 
 
–†—É—Å—Å–∫–∏–π, –ø–æ–∫–∞ —Ç—ã –±—É–¥–µ—à—å –º–µ—Å–∏—Ç—å –≥—Ä—è–∑—å –≤ –¥–æ–Ω–±–∞—Å—Å–∫–∏—Ö —Å—Ç–µ–ø—è—Ö, –≥–æ–ª–æ–¥–Ω—ã–π –∏ —Ö–æ–ª–æ–¥–Ω—ã–π, —Å—Ä–∞–∂–∞—è—Å—å –∑–∞ –±–∏–∑–Ω–µ—Å-–∏–Ω—Ç–µ—Ä–µ—Å—ã —Ä—É–∫–æ–≤–æ–¥—Å—Ç–≤–∞ –†–æ—Å—Å–∏–∏, –Ω–∞ —Ç–≤–æ—ë –º–µ—Å—Ç–æ –ø—Ä–∏–≤–µ–∑—É—Ç –µ—â–µ –±–æ–ª—å—à–µ –º–∏–≥—Ä–∞–Ω—Ç–æ–≤, –∫–æ—Ç–æ—Ä—ã–µ —Å–æ–≥—Ä–µ—é—Ç –ø–æ—Å—Ç–µ–ª—å —Ç–≤–æ–µ–π –∂–µ–Ω—ã, –≤–æ–∑—å–º—É—Ç –≤ –∂–µ–Ω—ã —Ç–≤–æ—é –¥–æ—á—å –∏ –∞—Å—Å–∏–º–∏–ª–∏—Ä—É—é—Ç —Ç–≤–æ–µ–≥–æ —Å—ã–Ω–∞.  
 
–í–∞—à–∏ –¥–µ—Ç–∏ –±—É–¥—É—Ç—å —á–∏—Ç–∞—Ç—å –ö–æ—Ä–∞–Ω, —á—Ç–∏—Ç—å –ø—Ä–æ—Ä–æ–∫–∞ –ú—É—Ö–∞–º–º–µ–¥–∞ –∏ –¥–µ–ª–∞—Ç—å –Ω–∞–º–∞–∑ –ø—è—Ç—å —Ä–∞–∑ –≤ –¥–µ–Ω—å. –ü–æ–∫–∞ —Ç—ã, —Ä—É—Å—Å–∫–∏–π, –≤–º–µ—Å—Ç–æ —Ç–æ–≥–æ, —á—Ç–æ–±—ã –≤–µ—Ä—à–∏—Ç—å —Ä–µ–≤–æ–ª—é—Ü–∏—é –∏ —Å–≤–µ—Ä–≥–∞—Ç—å –ø–ª–µ—à–∏–≤–æ–≥–æ –∫–∞—Ä–ª–∏–∫–∞, –µ—Ö–∞–ª —É–±–∏–≤–∞—Ç—å –Ω–∞ —É–∫—Ä–∞–∏–Ω—Å–∫—É—é –∑–µ–º–ª—é. –ê –≤–µ—Ä–Ω–µ—à—å—Å—è –¥–æ–º–æ–π –≤ —Ü–∏–Ω–∫–æ–≤–æ–º –≥—Ä–æ–±—É.  
 
–ü–æ–¥—É–º–∞–π –ø—Ä–æ —Å–≤–æ—é –º–∞—Ç—å –≤ –∫–æ–Ω—Ü–µ –∫–æ–Ω—Ü–æ–≤. –£ –Ω–µ—ë —Ç—ã, –≤–æ–∑–º–æ–∂–Ω–æ, –µ–¥–∏–Ω—Å—Ç–≤–µ–Ω–Ω—ã–π —Å—ã–Ω.  
 
–ü–æ –≤–æ–∑–º–æ–∂–Ω–æ—Å—Ç–∏, —Å–¥–∞–≤–∞–π—Å—è –≤ –ø–ª–µ–Ω —É–∫—Ä–∞–∏–Ω—Å–∫–∏–º —Å–æ–ª–¥–∞—Ç–∞–º. –ò —Ç–æ–≥–¥–∞ —Ç—ã, –≤–æ–∑–º–æ–∂–Ω–æ, –≤–µ—Ä–Ω–µ—à—å—Å—è –¥–æ–º–æ–π.

‚ù§Ô∏è‚Äçüî•‚ù§Ô∏è‚Äçü©πüíî –º–∏ –Ω–µ —Ö–æ—á–µ–º–æ –≤—ñ–π–Ω–∏‚Ä¶. –ù—ñ—Ö—Ç–æ –Ω–µ —Ö–æ—á–µ –ø–æ–º–µ—Ä–∞—Ç–∏ –∑–∞ –±—ñ–∑–Ω–µ—Å‚Ä¶. –ß–æ–≥–æ –≤–∏ –ª—ñ–∑–µ—Ç–µ –¥–æ –Ω–∞—Å? –©–æ –≤–∏ —Ç—É—Ç –∑–∞–±—É–ª–∏? –í–∏ —Ö–æ—á–µ—Ç–µ —Å—Ç–∞—Ç–∏ –º—ñ–Ω–¥–æ–±—Ä–∏–≤–æ–º? –¢–æ–¥—ñ –¥—Ä—É–≥–µ –ø–∏—Ç–∞–Ω–Ω—è‚Ä¶ –Ω–∞ –º—ñ—Å—Ü—ñ –≤–∞—à–æ—ó –≥–∏–±–µ–ª—ñ –≤–∏—Ä–æ—Å—Ç–µ –¥–µ—Ä–µ–≤–æ, —è–∫–µ –±—É–¥–µ –ø–∞–º—è—Ç–∞—Ç–∏ –Ω–∞ —á–æ–º—É –≤–æ–Ω–æ –≤–∏—Ä–æ—Å–ª–æ, –Ω–µ —Ä–æ–±—ñ—Ç—å –≥—Ä—ñ—Ö–∞, –Ω–µ –≤–±–∏–≤–∞–π—Ç–µ —Å–µ–±–µ‚Ä¶.. –º–∏ –≤–∞–º –¥–∞—î–º–æ –≤—ñ–¥—Å—ñ—á —è–∫—É –≤–∞—à –≥—ñ—Ç–ª–µ—Ä –Ω–µ –æ—á—ñ–∫—É–≤–∞–≤‚Ä¶. –ë—É–¥—å—Ç–µ —Ä–æ–∑—É–º–Ω–∏–º–∏) —Ä–æ–±—ñ—Ç—å –¥–æ–±—Ä–æ —ñ –¥–æ –≤–∞—Å –æ–±–µ—Ä–Ω–µ—Ç—å—Å—è –¥–æ–±—Ä–æ–º, #nowar #putinhuylo #slavaukraine","–ù–µ—Ç —Ñ–∞—à–∏–∑–º—É

–í —Ç–æ—Ç –≥–æ–¥ –∑–∞—Ç–∏—Ö–ª–∏
–ó–≤—É–∫–∏ –∫–æ–Ω–æ–Ω–∞–¥—ã.
–ë—ã–ª–∞ –≤–µ—Å–Ω–∞,
–ò —è–±–ª–æ–Ω–∏ —Ü–≤–µ–ª–∏.
–°–æ–≤–µ—Ç—Å–∫–∏–µ –æ–±—ã—á–Ω—ã–µ
–°–æ–ª–¥–∞—Ç—ã
–û—Ç –Ω–µ—á–µ—Å—Ç–∏
–§–∞—à–∏—Å—Ç—Å–∫–æ–π
–ú–∏—Ä —Å–ø–∞—Å–ª–∏!

–ò –≤ –ø–∞–º—è—Ç—å —Ç–µ—Ö,
–ö—Ç–æ –ø–∞–ª –ø–æ–¥ –ë—É–¥–∞–ø–µ—à—Ç–æ–º,
–ù–∞ –û–¥–µ—Ä–µ, –ø–æ–¥ –ë—Ä–µ—Å—Ç–æ–º
–ò –û—Ä–ª–æ–º,
–ù–∞—Ä–æ–¥ –¥–∞–ª –∫–ª—è—Ç–≤—É...
–ò—Å–ø–æ–ª–Ω—è–µ–º —á–µ—Å—Ç–Ω–æ!
–§–∞—à–∏–∑–º—É –ù–ï–¢!
–ò –º—ã —Å—Ç–æ–∏–º –Ω–∞ —Ç–æ–º!

–í–µ–¥—å –Ω–µ –ø—Ä–æ—à–ª–æ
–ï—â—ë –∏ –≤–µ–∫–∞.
–í–Ω–æ–≤—å —Å–≤–∞—Å—Ç–∏–∫–∏,
–ò —Ñ–∞–∫–µ–ª—ã –≥–æ—Ä—è—Ç.
–ö—Ä–∏—á—É —è:"" –õ—é–¥–∏, –ª—é–¥–∏!
–ß–µ–ª–æ–≤–µ–∫–∏!
–ü–æ–≥–∏–±—à–∏–µ —Å–µ–π—á–∞—Å
–ù–∞ –≤–∞—Å –≥–ª—è–¥—è—Ç!"".

–§–∞—à–∏–∑–º –æ—Å—Ç–∞–Ω–æ–≤–∏—Ç—å
–ü–æ–∫–∞ –Ω–µ –ø–æ–∑–¥–Ω–æ!
–ü—Ä–µ–¥–∞—Ç—å –∏—Å—Ç–æ—Ä–∏—é
–ú—ã –≤–º–µ—Å—Ç–µ –Ω–µ –¥–æ–ª–∂–Ω—ã!
–í–æ–π–Ω–∞ –∑–∞ –º–∏—Ä
–ì—Ä–æ—Ö–æ—á–µ—Ç –≥—Ä–æ–∑–¥–Ω–æ!
–í–æ–π–Ω–∞ –ø—Ä–æ—Ç–∏–≤
–ö–æ—Ä–∏—á–µ–≤–æ–π —á—É–º—ã!

–ò—Ä–∏–Ω–∞ –ü–∞–≤–ª–æ–≤–∞ 28.02.2022

#–ò—Ä–∏–Ω–∞–ø–∞–≤–ª–æ–≤–∞#—Å—Ç–∏—Ö–∏#–Ω–µ—Ç–≤–æ–π–Ω–µ"
9,"—Ä–æ—Å—Å–∏—è, –≤–∏–¥–µ–æ, –≤–æ–π–Ω–∞, –∫–∞–Ω–∞–ª, –∂—É—Ä–Ω–∞–ª–∏—Å—Ç, —Ç–µ–ª–µ–≤–µ–¥—É—â–∏–π","#–Ω–µ—Ç–í–æ–π–Ω–µ #–Ø–ø—Ä–æ—Ç–∏–≤–í–æ–π–Ω—ã #–°–≤–æ–±–æ–¥—É–ù–∞–≤–∞–ª—å–Ω–æ–º—É #–ù–µ–ú–æ–ª—á–∏—Ç–µ 

""–ù–∞—à–µ –Ω–µ–∂–µ–ª–∞–Ω–∏–µ –∑–Ω–∞—Ç—å –ø—Ä–∞–≤–¥—É –∏ –Ω–∞—à–µ –º–æ–ª—á–∞–Ω–∏–µ –¥–µ–ª–∞–µ—Ç –Ω–∞—Å —Å–æ—É—á–∞—Å—Ç–Ω–∏–∫–∞–º–∏ –ø—Ä–µ—Å—Ç—É–ø–ª–µ–Ω–∏–π""
(–û–ª–µ–≥ –û—Ä–ª–æ–≤)

–ó–∞–ø—É—Å—Ç–∏–ª–∏ –º–æ–Ω–∏—Ç–æ—Ä–∏–Ω–≥ —Ü–µ–Ω –≤ –†–æ—Å—Å–∏–∏: –ø—Ä—è–º–æ –¥–∞–∂–µ –∏–Ω—Ç–µ—Ä–µ—Å–Ω–æ, –∫–∞–∫ –±—ã—Å—Ç—Ä–æ –†–æ—Å–∫–æ–º–Ω–∞–¥–∑–æ—Ä –∑–∞–±–ª–æ–∫–∏—Ä—É–µ—Ç –∑–∞ —ç–∫—Å—Ç—Ä–µ–º–∏–∑–º —Å–∞–π—Ç, –Ω–∞ –∫–æ—Ç–æ—Ä–æ–º –Ω–µ—Ç –Ω–∏—á–µ–≥–æ, –∫—Ä–æ–º–µ –≥—Ä–∞—Ñ–∏–∫–∞ —Ü–µ–Ω –Ω–∞ –ø–æ—Ç—Ä–µ–±–∏—Ç–µ–ª—å—Å–∫–∏–µ –ø—Ä–æ–¥—É–∫—Ç—ã!

https://pricing.day","‚ùóÔ∏è–ü–æ–ª—å–∑–æ–≤–∞—Ç–µ–ª–∏ Reddit –ø—Ä–æ–≤–µ—Ä–∏–ª–∏ —Ñ–æ—Ç–æ ""–∫–∞–¥—ã—Ä–æ–≤—Ü–µ–≤"", –∫–æ—Ç–æ—Ä—ã–µ –æ–Ω–∏ —è–∫–æ–±—ã —Å–¥–µ–ª–∞–ª–∏ –≤ –£–∫—Ä–∞–∏–Ω–µ. 

–ù–∞ —Å–∞–º–æ–º –¥–µ–ª–µ –æ–∫–∞–∑–∞–ª–æ—Å—å, —á—Ç–æ –æ–Ω–∏ –±—ã–ª–∏ —Å–¥–µ–ª–∞–Ω—ã –≤ –≥–æ—Ä–æ–¥–µ –ú–æ–∑—ã—Ä–µ –≤ –ë–µ–ª–∞—Ä—É—Å–∏.

–ë–æ—Ä–æ–¥–∞—Ç—ã–µ –∫–ª–æ—É–Ω—ã –æ–±–¥–µ–ª–∞–ª–∏—Å—å –µ—Ö–∞—Ç—å –≤ –≥–æ—Å—Ç–∏ –∫ –±–∞–Ω–¥–µ—Ä–æ–≤—Ü–∞–º, —á—Ç–æ —Ç—É—Ç —Å–∫–∞–∑–∞—Ç—å

–û—Ç —Å–µ–±—è - –ì–æ—Å–ø–æ–¥–∏, –∫–∞–∫–æ–π –ø–æ–∑–æ—Ä ... 
–î—É–º–∞–ª–∞ –≤—ã—Å—Ç–∞–≤–∏—Ç—å —Ä–∞—Å—Å—Ç—Ä–µ–ª—è–Ω–Ω—ã–µ –º–∞—à–∏–Ω—ã –ª—é–¥–µ–π, –∫–æ—Ç–æ—Ä—ã–µ –ø—ã—Ç–∞–ª–∏—Å—å —ç–≤–∞–∫—É–∏—Ä–æ–≤–∞—Ç—å—Å—è —Å –ú–∞—Ä–∏—É–ø–æ–ª—è , –∏ —Ç–∞–º –∂–µ –º–µ—Ç—Ä–æ–≤–æ–≥–æ —Ä–µ–±–µ–Ω–∫–∞.... –ù–æ —è —É–∂–µ —Ç–∞–∫ –æ—Ç —ç—Ç–æ–≥–æ —É—Å—Ç–∞–ª–∞ –ø—Ä–æ—Å—Ç–æ –∑–≤–µ—Ä—Å–∫–∏. –ö —Ç–æ–º—É –∂–µ –∏–¥–∏–æ—Ç—ã —É—Ç–≤–µ—Ä–∂–¥–∞—é—Ç —á—Ç–æ —ç—Ç–æ ""–Ω–∞—Ü–∏—Å—Ç—ã"" —Ä–∞—Å—Å—Ç—Ä–µ–ª—è–ª–∏. –î–∞ —è –∏ –Ω–µ —Å–ø–æ—Ä—é - —Ä—É—Å—Å–∫–∏–µ –Ω–∞—Ü–∏—Å—Ç—ã —Ç–≤–æ—Ä—è—Ç –±–µ—Å–ø—Ä–µ–¥–µ–ª. –ù–æ –ø–æ—Å—Ç–∏—Ç—å –Ω–µ –±—É–¥—É –ø–æ—Ç–æ–º—É —á—Ç–æ –Ω–µ —Ö–æ—á—É, —É—Å—Ç–∞–ª–∞. –£ –≤–∞—Å –µ—Å—Ç—å –≥—É–≥–ª

–õ—É—á—à–µ –±—É–¥—É —Å—Ç–µ–±–∞—Ç—å, —Ö–æ—Ç—è –±—ã –Ω–∞—Å—Ç—Ä–æ–µ–Ω–∏–µ —Å–µ–±–µ –ø–æ–¥–Ω–∏–º—É. 

–û–≤—Ü–µ–π–æ–±—ã –ö–∞–¥—ã—Ä–æ–≤—Ü—ã üí™üí™ —Å–∏–ª–∞ , –º–æ—â—å, –≤ –≤–æ–π–Ω–µ –ø—Ä–æ—Ç–∏–≤ –±–µ–∑–æ—Ä—É–∂–Ω—ã—Ö) –∞ –≤–æ—Ç –ø—Ä–æ—Ç–∏–≤ ""–∑–ª—ã—Ö –±–∞–Ω–¥–µ—Ä–æ–≤—Ü–µ–≤"" —É–∂–µ –∫–∞–∫ —Ç–æ –∂–∏–º –∂–∏–º

#–Ω–µ—Ç–≤–æ–π–Ω–µ #–≤–æ–π–Ω–∞ #–∫–∞–¥—ã—Ä–æ–≤—Ü—ã #—Ä–æ—Å—Å–∏—è","""–†–æ—Å–∫–æ–º–Ω–∞–¥–∑–æ—Ä —Å–æ–æ–±—â–∏–ª, —á—Ç–æ –æ–≥—Ä–∞–Ω–∏—á–∏–ª –¥–æ—Å—Ç—É–ø –∫ —Å–∞–π—Ç—É The Village –≤ —Å–≤—è–∑–∏ —Å –ø—É–±–ª–∏–∫–∞—Ü–∏–µ–π –Ω–µ–¥–æ—Å—Ç–æ–≤–µ—Ä–Ω–æ–π –∏–Ω—Ñ–æ—Ä–º–∞—Ü–∏–∏ –æ —Å–ø–µ—Ü–∏–∞–ª—å–Ω–æ–π –≤–æ–µ–Ω–Ω–æ–π –æ–ø–µ—Ä–∞—Ü–∏–∏ –†–æ—Å—Å–∏–∏ –Ω–∞ –£–∫—Ä–∞–∏–Ω–µ"".
–í—Å—Ç—Ä–µ—á–Ω–∞—è –∏–¥–µ—è: –æ–≥—Ä–∞–Ω–∏—á–∏—Ç—å –ö—Ä–µ–º–ª—å, –ú–ò–î –∏ –≤—Å–µ —Ñ–µ–¥–µ—Ä–∞–ª—å–Ω—ã–µ —Ç–µ–ª–µ–∫–∞–Ω–∞–ª—ã –∫–∞–∫ –≥–ª–∞–≤–Ω—ã–µ –∏—Å—Ç–æ—á–Ω–∏–∫–∏ –Ω–µ–¥–æ—Å—Ç–æ–≤–µ—Ä–Ω–æ–π –∏–Ω—Ñ–æ—Ä–º–∞—Ü–∏–∏(((
#–ù–µ—Ç–í–æ–π–Ω–µ!
https://russian.rt.com/russia/news/970455-roskomnadzor-the-village-dostup?utm_source=yxnews&utm_medium=desktop"
10,"–ø–µ—Å–Ω—è, –≤–æ–π–Ω–∞, –º–∏—Ä, –ø–µ—Ç—å, –º—É–∑—ã–∫–∞, —Å–ø–∞—Å–∏–±–æ","–†–æ—Å—Å–∏—è–Ω–µ —Ä–µ—à–∏–ª–∏ ""—É—Ç–µ—à–∏—Ç—å"" –º—É–º–∏—é —Ä–æ—Å—Å–∏–π—Å–∫–æ–≥–æ —Å–æ–ª–¥–∞—Ç–∞ –ø–µ—Å–Ω–µ–π

–î–∞, —Ö—É–∂–µ –º—É—á–µ–Ω–∏–π –≤ —ç—Ç–æ–π —Å–∏—Ç—É–∞—Ü–∏–∏ –Ω–µ –ø—Ä–∏–¥—É–º–∞–µ—à—å, —á–µ–º –Ω–∞–ø–µ–≤–∞—Ç—å ""–º—ã –∑–∞ —Ü–µ–Ω–æ–π –Ω–µ –ø–æ—Å—Ç–æ–∏–º"". –ù–∞–≤–µ—Ä–Ω—è–∫–∞ –æ–±–≥–æ—Ä–µ–≤—à–∏–π –≤–æ—è–∫–∞ –∂–∞–ª–µ–µ—Ç, —á—Ç–æ –µ–º—É –Ω–µ –¥–∞–ª–∏ —Å–ø–æ–∫–æ–π–Ω–æ —É–º–µ—Ä–µ—Ç—å –±—ã—Å—Ç—Ä–æ–π —Å–º–µ—Ä—Ç—å—é

–°–ø–ª–æ—à–Ω–æ–π —Ç–µ–∞—Ç—Ä –∞–±—Å—É—Ä–¥–∞ü§¶‚Äç‚ôÇ

I'm speechless...in Russia there's a parallel universe. Dystopian world üòÅ

#SaveTheHeroesOfAzovstal
#–ù–µ—Ç–í–æ–π–Ω–µ #NoWar #—É–∫—Ä–∞–∏–Ω–∞ #—Ä–æ—Å—Å–∏—è #–ø—É—Ç–∏–Ω #–≤–æ–π–Ω–∞ #StopPutinsWar","–£—Ç—Ä–æ —Å–µ–≥–æ–¥–Ω—è –Ω–∞—á–∞–ª–æ—Å—å —Å –æ–∑–∞—Ä—ë–Ω–Ω–æ–π —Å–æ–ª–Ω–µ—á–Ω—ã–º —Å–≤–µ—Ç–æ–º –∫–æ–º–Ω–∞—Ç—ã –∏ —Å—Ä–∞–∑—É –≤–æ–∑–Ω–∏–∫–ª–∞ –∏–º–µ–Ω–Ω–æ —ç—Ç–∞ –ø–µ—Å–Ω—è, –ø–æ—Ç–æ–º –Ω–∞ –∫—É—Ö–Ω–µ —Å—Ç–æ–∏—Ç —ç—Ç–æ—Ç –±—É–∫–µ—Ç, —á–∏—Ç–∞–ª —Å–æ–æ–±—â–µ–Ω–∏—è —Å –ø–æ–∂–µ–ª–∞–Ω–∏—è–º–∏ –¥–æ–±—Ä–æ–≥–æ —É—Ç—Ä–∞ –æ—Ç –∑–Ω–∞–∫–æ–º—ã—Ö –∏ –±–ª–∏–∑–∫–∏—Ö... –≠—Ç–æ –ø—Ä–∏—è—Ç–Ω–æ! –•–æ—á–µ—Ç—Å—è –∂–∏—Ç—å!
–¢–µ–∫—Å—Ç –ø–µ—Å–Ω–∏ –æ—Ç–∫–ª–∏–∫–∞–µ—Ç—Å—è, –∫–∞–∫ –Ω–∏–∫–æ–≥–¥–∞. –û–ø–æ–∑–¥–∞–ª –Ω–∞ —Ä–∞–±–æ—Ç—É(9:05 - –∫–∞–∫–æ–π —É–∂–∞—Å), –¥–∞, —Ç–∞–∫ –∏–Ω–æ–≥–¥–∞ –±—ã–≤–∞–µ—Ç, –Ω–æ –∑–¥–∞–Ω–∏–µ –Ω–µ —Å–≥–æ—Ä–µ–ª–æ –±–µ–∑ –º–µ–Ω—è, –≤—Å—ë –∏–¥—ë—Ç –ø–æ –ø–ª–∞–Ω—É. –ù–µ –ø–æ–ø–∞–ª—Å—è - –∂–∏–≤–æ–πü§™

#–ü–µ—Ä–º—å #life #—É—Ç—Ä–æ #–º–∏—Ä—É–º–∏—Ä #–Ω–µ—Ç–≤–æ–π–Ω–µ
‚òÆÔ∏èüïäüá∑üá∫ü§ùüá∫üá¶","–ú–Ω–µ –±—ã–ª–æ –ø—Ä–∏–º–µ—Ä–Ω–æ 16, —É—Ç—Ä–æ–º —è —Å–æ–±–∏—Ä–∞–ª—Å—è —à–∫–æ–ª—É, —Å—Ç–∞—Ä—à–∏–µ –∫–ª–∞—Å—Å—ã... –≠—Ö, —Ö–æ—Ç—è –±—ã –Ω–∞ –¥–µ–Ω—ë–∫ —Ç—É–¥–∞... üòá
–ß–∞—Å—Ç–æ —è –∑–∞–≤—Ç—Ä–∞–∫–∞–ª –ø–æ–¥ MTV,  –ø–æ–º–Ω–∏—Ç–µ –±—ã–ª —Ç–∞–∫–æ–π —Ç—Ä–µ—à–æ–≤—ã–π –∫–∞–Ω–∞–ª üòä , –≤ —Ü–µ–ª–æ–º —Ç–µ—Ä–ø–µ—Ç—å –Ω–µ –º–æ–≥ —Ç–æ, —á—Ç–æ —Ç–∞–º –∫—Ä—É—Ç–∏–ª–∏, –Ω–æ —É—Ç—Ä–æ–º –ø–æ–ø–∞–¥–∞–ª–∞—Å—å —Ö–æ—Ä–æ—à–∞—è –º—É–∑—ã–∫–∞.
–≠—Ç–∞ –ø–µ—Å–Ω—è —Ç–æ–≥–¥–∞ –∏–≥—Ä–∞–ª–∞ –∏–∑ –∫–∞–∂–¥–æ–≥–æ —É—Ç—é–≥–∞. –ü–æ–Ω—Ä–∞–≤–∏–ª–∞—Å—å –∏ –º–µ–ª–æ–¥–∏—è –∏ –∫–ª–∏–ø –∫–æ—Ç–æ—Ä—ã–π —è —Ç–æ–≥–¥–∞ –Ω–µ –ø–æ–Ω—è–ª, –∞ –ø–æ–Ω—è–ª —Å–ª—É—á–∞–π–Ω–æ –Ω–∞—Ç–∫–Ω—É–≤—à–∏—Å—å –Ω–∞ –∫–ª–∏–ø –≤ –æ—Å–æ–∑–Ω–∞–Ω–Ω–æ–º –≤–æ–∑—Ä–∞—Å—Ç–µ. –ï—Å–ª–∏ –µ—Å—Ç—å 3 –º–∏–Ω—É—Ç–∫–∏, —É–¥–µ–ª–∏—Ç–µ, –∏ –≤–∏–¥–æ—Å–∏–∫ –æ—á–µ–Ω—å –¥–æ–±—Ä—ã–π –∏ –º—É–∑—ã–∫–∞ –æ—Ç–ª–∏—á–Ω–∞—è. –ò –≤–æ–∑–º–æ–∂–Ω–æ, –≤ —ç—Ç–æ —Å–ª–æ–∂–Ω–æ–µ –¥–ª—è –Ω–∞—Å –≤—Å–µ—Ö –≤—Ä–µ–º—è, –º—ã —Å—Ç–∞–Ω–µ–º —Ö–æ—Ç—è –±—ã —á—É—Ç–æ—á–∫—É –¥–æ–±—Ä–µ–π –¥—Ä—É–≥ –∫ –¥—Ä—É–≥—É. 
–ü–µ—Ä–µ–≤–æ–¥ –≤—Å–µ–π –ø–µ—Å–Ω–∏ –ø–∏—Å–∞—Ç—å –Ω–µ –±—É–¥—É, –ª–∏—à—å –ø—Ä–∏–ø–µ–≤. –ê –æ–Ω —Ç–∞–∫–æ–≤:

–õ—é–¥–∏, –ø—Ä–µ–∫—Ä–∞—Ç–∏—Ç–µ –¥—Ä–∞—Ç—å—Å—è (–≤–æ–µ–≤–∞—Ç—å/—Å—Å–æ—Ä–∏—Ç—å—Å—è) , 
–ê–Ω–≥–µ–ª—ã –ø–ª–∞—á—É—Ç, —Å–º–æ—Ç—Ä—è –Ω–∞ –≤–∞—Å, 
–ú—ã –≤–µ–¥—å –º–æ–∂–µ–º –±—ã—Ç—å –ª—É—á—à–µ, 
–õ—é–±–æ–≤—å ‚Äî –≤–æ—Ç –æ—Ç–≤–µ—Ç!

#–ù–µ—Ç–í–æ–π–Ω–µ 

https://www.youtube.com/watch?v=1RyjqHE_UkU"
11,"—Å—É–¥, –¥–µ–ª–æ, –≤–æ–π–Ω–∞, —Å—É–¥—å—è, –≥–æ–≤–æ—Ä–∏—Ç—å, –ø—Ä–æ–∫—É—Ä–æ—Ä","–ò–ª—å–µ –Ø—à–∏–Ω—É –ø—Ä–æ–¥–ª–∏–ª–∏ —Å—Ä–æ–∫ –∞—Ä–µ—Å—Ç–∞ –µ—â–µ –Ω–∞ –ø–æ–ª–≥–æ–¥–∞. –ú–µ—â–∞–Ω—Å–∫–∏–π —Å—É–¥ –ú–æ—Å–∫–≤—ã –Ω–∞—á–∞–ª —Ä–∞—Å—Å–º–æ—Ç—Ä–µ–Ω–∏–µ —É–≥–æ–ª–æ–≤–Ω–æ–≥–æ –¥–µ–ª–∞ –æ ¬´—Ñ–µ–π–∫–∞—Ö¬ª –∏ –ø–æ—Å—Ç–∞–Ω–æ–≤–∏–ª –æ—Å—Ç–∞–≤–∏—Ç—å –æ–ø–ø–æ–∑–∏—Ü–∏–æ–Ω–Ω–æ–≥–æ –ø–æ–ª–∏—Ç–∏–∫–∞ –≤ –°–ò–ó–û –¥–æ 10 –º–∞—è 2023 –≥–æ–¥–∞. –ê–Ω–Ω–∞ –ú–æ–Ω–≥–∞–π—Ç –ø–æ–≥–æ–≤–æ—Ä–∏–ª–∞ —Å –º–∞—Ç–µ—Ä—å—é –ò–ª—å–∏ –Ø—à–∏–Ω–∞ –æ —Ç–æ–º, –ø–æ—á–µ–º—É –µ–µ —Å—ã–Ω –Ω–µ —É–µ—Ö–∞–ª –∏–∑ –†–æ—Å—Å–∏–∏, –Ω–µ—Å–º–æ—Ç—Ä—è –Ω–∞ —É–≥—Ä–æ–∑—ã —Å–æ —Å—Ç–æ—Ä–æ–Ω—ã –ø—Ä–∞–≤–∏—Ç–µ–ª—å—Å—Ç–≤–∞, –¥–µ—Ç—Å—Ç–≤–µ –≤ 90-–µ –∏ –Ω–∞—á–∞–ª–µ –ø–æ–ª–∏—Ç–∏—á–µ—Å–∫–æ–π –∫–∞—Ä—å–µ—Ä—ã –ò–ª—å–∏ –Ø—à–∏–Ω–∞, –∞ —Ç–∞–∫–∂–µ –æ –ø—Ä–∏–º–µ—Ä–µ –ù–∞–≤–∞–ª—å–Ω–æ–≥–æ –∏ —á—É–≤—Å—Ç–≤–µ —Å–ø—Ä–∞–≤–µ–¥–ª–∏–≤–æ—Å—Ç–∏ > > > https://youtu.be/ZDUhoX2vEvc

#—É–∫—Ä–∞–∏–Ω–∞ #–≤–æ–π–Ω–∞ #–≤–æ–π–Ω–∞—Å—É–∫—Ä–∞–∏–Ω–æ–π #—è–ø—Ä–æ—Ç–∏–≤–≤–æ–π–Ω—ã #–Ω–µ—Ç–ø—É—Ç–∏–Ω—É #–Ω–µ—Ç–≤–æ–π–Ω–µ #stopputin #stopwar #noputin #nowar","#–Ω–µ—Ç–≤–æ–π–Ω–µ

–î–æ—Ä–æ–≥–æ–π –ê–ª–µ–∫—Å–µ–π –ú–∞–∫—Å–∏–º—ã—á! –¢–æ–Ω–∫–æ–≤–∞ —è –ø—Ä–∏–Ω—è–ª, –∏ –µ—â–µ –¥–æ –µ–≥–æ –ø—Ä–∏–µ–º–∞ –∏ –¥–æ –í–∞—à–µ–≥–æ –ø–∏—Å—å–º–∞ –º—ã —Ä–µ—à–∏–ª–∏ –≤ –¶–ö –Ω–∞–∑–Ω–∞—á–∏—Ç—å –ö–∞–º–µ–Ω–µ–≤–∞ –∏ –ë—É—Ö–∞—Ä–∏–Ω–∞ –¥–ª—è –ø—Ä–æ–≤–µ—Ä–∫–∏ –∞—Ä–µ—Å—Ç–∞ –±—É—Ä–∂—É–∞–∑–Ω—ã—Ö –∏–Ω—Ç–µ–ª–ª–∏–≥–µ–Ω—Ç–æ–≤ –æ–∫–æ–ª–æ–∫–∞–¥–µ—Ç—Å–∫–æ–≥–æ —Ç–∏–ø–∞ –∏ –¥–ª—è –æ—Å–≤–æ–±–æ–∂–¥–µ–Ω–∏—è –∫–æ–≥–æ –º–æ–∂–Ω–æ. –ò–±–æ –¥–ª—è –Ω–∞—Å —è—Å–Ω–æ, —á—Ç–æ  –∏ —Ç—É—Ç  –æ—à–∏–±–∫–∏ –±—ã–ª–∏.

–Ø—Å–Ω–æ –∏ —Ç–æ, —á—Ç–æ –≤ –æ–±—â–µ–º –º–µ—Ä–∞ –∞—Ä–µ—Å—Ç–∞ –∫–∞–¥–µ—Ç—Å–∫–æ–π (–∏ –æ–∫–æ–ª–æ–∫–∞–¥–µ—Ç—Å–∫–æ–π) –ø—É–±–ª–∏–∫–∏ –±—ã–ª–∞ –Ω–µ–æ–±—Ö–æ–¥–∏–º–∞ –∏ –ø—Ä–∞–≤–∏–ª—å–Ω–∞.

–ö–æ–≥–¥–∞ —è —á–∏—Ç–∞—é –í–∞—à–µ –æ—Ç–∫—Ä–æ–≤–µ–Ω–Ω–æ–µ –º–Ω–µ–Ω–∏–µ –ø–æ —ç—Ç–æ–º—É –ø–æ–≤–æ–¥—É, —è –≤—Å–ø–æ–º–∏–Ω–∞—é –æ—Å–æ–±–µ–Ω–Ω–æ –º–Ω–µ –∑–∞–ø–∞–≤—à—É—é –≤ –≥–æ–ª–æ–≤—É –ø—Ä–∏ –Ω–∞—à–∏—Ö —Ä–∞–∑–≥–æ–≤–æ—Ä–∞—Ö (–≤ –õ–æ–Ω–¥–æ–Ω–µ, –Ω–∞ –ö–∞–ø—Ä–∏ –∏ –ø–æ—Å–ª–µ) –í–∞—à—É —Ñ—Ä–∞–∑—É:
¬´–ú—ã,  —Ö—É–¥–æ–∂–Ω–∏–∫–∏,  –Ω–µ–≤–º–µ–Ω—è–µ–º—ã–µ –ª—é–¥–∏¬ª.

–í–æ—Ç –∏–º–µ–Ω–Ω–æ! –ù–µ–≤–µ—Ä–æ—è—Ç–Ω–æ —Å–µ—Ä–¥–∏—Ç—ã–µ —Å–ª–æ–≤–∞ –≥–æ–≤–æ—Ä–∏—Ç–µ –í—ã –ø–æ –∫–∞–∫–æ–º—É –ø–æ–≤–æ–¥—É? –ü–æ –ø–æ–≤–æ–¥—É —Ç–æ–≥–æ, —á—Ç–æ –Ω–µ—Å–∫–æ–ª—å–∫–æ –¥–µ—Å—è—Ç–∫–æ–≤ (–∏–ª–∏ —Ö–æ—Ç—è –±—ã –¥–∞–∂–µ —Å–æ—Ç–µ–Ω) –∫–∞–¥–µ—Ç—Å–∫–∏—Ö –∏ –æ–∫–æ–ª–æ–∫–∞–¥–µ—Ç—Å–∫–∏—Ö –≥–æ—Å–ø–æ–¥—á–∏–∫–æ–≤ –ø–æ—Å–∏–¥—è—Ç –Ω–µ—Å–∫–æ–ª—å–∫–æ –¥–Ω–µ–π –≤ —Ç—é—Ä—å–º–µ –¥–ª—è –ø—Ä–µ–¥—É–ø—Ä–µ–∂–¥–µ–Ω–∏—è –∑–∞–≥–æ–≤–æ—Ä–æ–≤ –≤—Ä–æ–¥–µ —Å–¥–∞—á–∏ –ö—Ä–∞—Å–Ω–æ–π –ì–æ—Ä–∫–∏, –∑–∞–≥–æ–≤–æ—Ä–æ–≤, –≥—Ä–æ–∑—è—â–∏—Ö –≥–∏–±–µ–ª—å—é –¥–µ—Å—è—Ç–∫–∞–º —Ç—ã—Å—è—á —Ä–∞–±–æ—á–∏—Ö   –∏   –∫—Ä–µ—Å—Ç—å—è–Ω.

–ö–∞–∫–æ–µ –±–µ–¥—Å—Ç–≤–∏–µ, –ø–æ–¥—É–º–∞–µ—à—å! –ö–∞–∫–∞—è –Ω–µ—Å–ø—Ä–∞–≤–µ–¥–ª–∏–≤–æ—Å—Ç—å! –ù–µ—Å–∫–æ–ª—å–∫–æ –¥–Ω–µ–π –∏–ª–∏ —Ö–æ—Ç—è –±—ã –¥–∞–∂–µ –Ω–µ–¥–µ–ª—å —Ç—é—Ä—å–º—ã –∏–Ω—Ç–µ–ª–ª–∏–≥–µ–Ω—Ç–∞–º –¥–ª—è –ø—Ä–µ–¥—É–ø—Ä–µ–∂–¥–µ–Ω–∏—è –∏–∑–±–∏–µ–Ω–∏—è –¥–µ—Å—è—Ç–∫–æ–≤ —Ç—ã—Å—è—á —Ä–∞–±–æ—á–∏—Ö –∏ –∫—Ä–µ—Å—Ç—å—è–Ω!

¬´–•—É–¥–æ–∂–Ω–∏–∫–∏ –Ω–µ–≤–º–µ–Ω—è–µ–º—ã–µ –ª—é–¥–∏¬ª.
¬´–ò–Ω—Ç–µ–ª–ª–µ–∫—Ç—É–∞–ª—å–Ω—ã–µ —Å–∏–ª—ã¬ª –Ω–∞—Ä–æ–¥–∞ —Å–º–µ—à–∏–≤–∞—Ç—å —Å ¬´—Å–∏–ª–∞–º–∏¬ª –±—É—Ä–∂—É–∞–∑–Ω—ã—Ö –∏–Ω—Ç–µ–ª–ª–∏–≥–µ–Ω—Ç–æ–≤ –Ω–µ–ø—Ä–∞–≤–∏–ª—å–Ω–æ. –ó–∞ –æ–±—Ä–∞–∑–µ—Ü –∏—Ö –≤–æ–∑—å–º—É –ö–æ—Ä–æ–ª–µ–Ω–∫–æ: —è –Ω–µ–¥–∞–≤–Ω–æ –ø—Ä–æ—á–µ–ª –µ–≥–æ, –ø–∏—Å–∞–Ω–Ω—É—é –∏ –∞–≤–≥—É—Å—Ç–µ 1917 –≥., –±—Ä–æ—à—é—Ä—É ¬´–í–æ–π–Ω–∞, –æ—Ç–µ—á–µ—Å—Ç–≤–æ –∏ —á–µ–ª–æ–≤–µ—á–µ—Å—Ç–≤–æ¬ª. –ö–æ—Ä–æ–ª–µ–Ω–∫–æ –≤–µ–¥—å –ª—É—á—à–∏–π –∏–∑ ¬´–æ–∫–æ–ª–æ–∫–∞–¥–µ—Ç—Å–∫–∏—Ö¬ª, –ø–æ—á—Ç–∏ –º–µ–Ω—å—à–µ–≤–∏–∫. –ê –∫–∞–∫–∞—è –≥–Ω—É—Å–Ω–∞—è, –ø–æ–¥–ª–∞—è, –º–µ—Ä–∑–∫–∞—è –∑–∞—â–∏—Ç–∞ –∏–º–ø–µ—Ä–∏–∞–ª–∏—Å—Ç—Å–∫–æ–π –≤–æ–π–Ω—ã, –ø—Ä–∏–∫—Ä—ã—Ç–∞—è —Å–ª–∞—â–∞–≤—ã–º–∏ —Ñ—Ä–∞–∑–∞–º–∏! –ñ–∞–ª–∫–∏–π –º–µ—â–∞–Ω–∏–Ω, –ø–ª–µ–Ω–µ–Ω–Ω—ã–π –±—É—Ä–∂—É–∞–∑–Ω—ã–º–∏ –ø—Ä–µ–¥—Ä–∞—Å—Å—É–¥–∫–∞–º–∏! –î–ª—è —Ç–∞–∫–∏—Ö –≥–æ—Å–ø–æ–¥ 10 000 000 —É–±–∏—Ç—ã—Ö –Ω–∞ –∏–º–ø–µ—Ä–∏–∞–ª–∏—Å—Ç—Å–∫–æ–π –≤–æ–π–Ω–µ ‚Äî –¥–µ–ª–æ, –∑–∞—Å–ª—É–∂–∏–≤–∞—é—â–µ–µ –ø–æ–¥–¥–µ—Ä–∂–∫–∏ (–¥–µ–ª–∞–º–∏, –ø—Ä–∏ —Å–ª–∞—â–∞–≤—ã—Ö —Ñ—Ä–∞–∑–∞—Ö ¬´–ø—Ä–æ—Ç–∏–≤¬ª –≤–æ–π–Ω—ã), –∞ –≥–∏–±–µ–ª—å —Å–æ—Ç–µ–Ω —Ç—ã—Å—è—á –≤ —Å–ø—Ä–∞–≤–µ–¥–ª–∏–≤–æ–π –≥—Ä–∞–∂–¥–∞–Ω—Å–∫–æ–π –≤–æ–π–Ω–µ –ø—Ä–æ—Ç–∏–≤ –ø–æ–º–µ—â–∏–∫–æ–≤ –∏ –∫–∞–ø–∏—Ç–∞–ª–∏—Å—Ç–æ–≤ –≤—ã–∑—ã–≤–∞–µ—Ç –∞—Ö–∏, –æ—Ö–∏,  –≤–∑–¥–æ—Ö–∏,  –∏—Å—Ç–µ—Ä–∏–∫–∏.

–ù–µ—Ç. –¢–∞–∫–∏–º ¬´—Ç–∞–ª–∞–Ω—Ç–∞–º¬ª –Ω–µ –≥—Ä–µ—Ö –ø–æ—Å–∏–¥–µ—Ç—å –Ω–µ–¥–µ–ª—å–∫–∏ –≤ —Ç—é—Ä—å–º–µ, –µ—Å–ª–∏ —ç—Ç–æ –Ω–∞–¥–æ —Å–¥–µ–ª–∞—Ç—å –¥–ª—è –ø—Ä–µ–¥—É–ø—Ä–µ–∂–¥–µ–Ω–∏—è –∑–∞–≥–æ–≤–æ—Ä–æ–≤ (–≤—Ä–æ–¥–µ –ö—Ä–∞—Å–Ω–æ–π –ì–æ—Ä–∫–∏) –∏ –≥–∏–±–µ–ª–∏ –¥–µ—Å—è—Ç–∫–æ–≤ —Ç—ã—Å—è—á. –ê –º—ã —ç—Ç–∏ –∑–∞–≥–æ–≤–æ—Ä—ã –∫–∞–¥–µ—Ç–æ–≤ –∏ ¬´–æ–∫–æ–ª–æ–∫–∞–¥–µ—Ç–æ–≤¬ª –æ—Ç–∫—Ä—ã–ª–∏. –ò –º—ã –∑–Ω–∞–µ–º, —á—Ç–æ –æ–∫–æ–ª–æ–∫–∞–¥–µ—Ç—Å–∫–∏–µ –ø—Ä–æ—Ñ–µ—Å—Å–æ—Ä–∞ –¥–∞—é—Ç —Å–ø–ª–æ—à—å –¥–∞ —Ä—è–¥–æ–º –∑–∞–≥–æ–≤–æ—Ä—â–∏–∫–∞–º –ø–æ–º–æ—â—å. –≠—Ç–æ —Ñ–∞–∫—Ç.

–ò–Ω—Ç–µ–ª–ª–µ–∫—Ç—É–∞–ª—å–Ω—ã–µ —Å–∏–ª—ã —Ä–∞–±–æ—á–∏—Ö –∏ –∫—Ä–µ—Å—Ç—å—è–Ω —Ä–∞—Å—Ç—É—Ç –∏ –∫—Ä–µ–ø–Ω—É—Ç –≤ –±–æ—Ä—å–±–µ –∑–∞ —Å–≤–µ—Ä–∂–µ–Ω–∏–µ –±—É—Ä–∂—É–∞–∑–∏–∏ –∏ –µ–µ –ø–æ—Å–æ–±–Ω–∏–∫–æ–≤, –∏–Ω—Ç–µ–ª–ª–∏–≥–µ–Ω—Ç–∏–∫–æ–≤, –ª–∞–∫–µ–µ–≤ –∫–∞–ø–∏—Ç–∞–ª–∞, –º–Ω—è—â–∏—Ö —Å–µ–±—è –º–æ–∑–≥–æ–º –Ω–∞—Ü–∏–∏. –ù–∞ –¥–µ–ª–µ —ç—Ç–æ –Ω–µ –º–æ–∑–≥,  –∞ –≥..–Ω–æ.

¬´–ò–Ω—Ç–µ–ª–ª–µ–∫—Ç—É–∞–ª—å–Ω—ã–º —Å–∏–ª–∞–º¬ª, –∂–µ–ª–∞—é—â–∏–º –Ω–µ—Å—Ç–∏ –Ω–∞—É–∫—É –Ω–∞—Ä–æ–¥—É (–∞ –Ω–µ –ø—Ä–∏—Å–ª—É–∂–Ω–∏—á–∞—Ç—å –∫–∞–ø–∏—Ç–∞–ª—É), –º—ã –ø–ª–∞—Ç–∏–º –∂–∞–ª–æ–≤–∞–Ω—å–µ –≤—ã—à–µ —Å—Ä–µ–¥–Ω–µ–≥–æ. –≠—Ç–æ —Ñ–∞–∫—Ç. –ú—ã –∏—Ö –±–µ—Ä–µ–∂–µ–º.
–≠—Ç–æ —Ñ–∞–∫—Ç. –î–µ—Å—è—Ç–∫–∏ —Ç—ã—Å—è—á –æ—Ñ–∏—Ü–µ—Ä–æ–≤ —É –Ω–∞—Å —Å–ª—É–∂–∞—Ç –ö—Ä–∞—Å–Ω–æ–π –ê—Ä–º–∏–∏ –∏ –ø–æ–±–µ–∂–¥–∞—é—Ç –≤–æ–ø—Ä–µ–∫–∏ —Å–æ—Ç–Ω—è–º –∏–∑–º–µ–Ω–Ω–∏–∫–æ–≤.   –≠—Ç–æ  —Ñ–∞–∫—Ç.

–ß—Ç–æ –∫–∞—Å–∞–µ—Ç—Å—è –í–∞—à–∏—Ö –Ω–∞—Å—Ç—Ä–æ–µ–Ω–∏–π, —Ç–æ ¬´–ø–æ–Ω–∏–º–∞—Ç—å¬ª —è –∏—Ö –ø–æ–Ω–∏–º–∞—é (—Ä–∞–∑ –í—ã –∑–∞–≥–æ–≤–æ—Ä–∏–ª–∏ –æ —Ç–æ–º, –ø–æ–π–º—É –ª–∏ —è –í–∞—Å). –ù–µ —Ä–∞–∑ –∏ –Ω–∞ –ö–∞–ø—Ä–∏ –∏ –ø–æ—Å–ª–µ —è –í–∞–º –≥–æ–≤–æ—Ä–∏–ª: –í—ã –¥–∞–µ—Ç–µ —Å–µ–±—è –æ–∫—Ä—É–∂–∏—Ç—å –∏–º–µ–Ω–Ω–æ —Ö—É–¥—à–∏–º —ç–ª–µ–º–µ–Ω—Ç–∞–º –±—É—Ä–∂—É–∞–∑–Ω–æ–π –∏–Ω—Ç–µ–ª–ª–∏–≥–µ–Ω—Ü–∏–∏ –∏ –ø–æ–¥–¥–∞–µ—Ç–µ—Å—å –Ω–∞ –µ–µ —Ö–Ω—ã–∫–∞–Ω—å–µ. –í–æ–ø–ª—å —Å–æ—Ç–µ–Ω –∏–Ω—Ç–µ–ª–ª–∏–≥–µ–Ω—Ç–æ–≤ –ø–æ –ø–æ–≤–æ–¥—É ¬´—É–∂–∞—Å–Ω–æ–≥–æ¬ª –∞—Ä–µ—Å—Ç–∞ –Ω–∞ –Ω–µ—Å–∫–æ–ª—å–∫–æ –Ω–µ–¥–µ–ª—å –í—ã —Å–ª—ã—à–∏—Ç–µ –∏ —Å–ª—É—à–∞–µ—Ç–µ, –∞ –≥–æ–ª–æ—Å–∞ –º–∞—Å—Å—ã, –º–∏–ª–ª–∏–æ–Ω–æ–≤, —Ä–∞–±–æ—á–∏—Ö –∏ –∫—Ä–µ—Å—Ç—å—è–Ω, –∫–æ–∏–º —É–≥—Ä–æ–∂–∞–µ—Ç –î–µ–Ω–∏–∫–∏–Ω, –ö–æ–ª—á–∞–∫, –õ–∏–∞–Ω–æ–∑–æ–≤, –†–æ–¥–∑—è–Ω–∫–æ, –∫—Ä–∞—Å–Ω–æ–≥–æ—Ä—Å–∫–∏–µ (–∏ –¥—Ä—É–≥–∏–µ –∫–∞–¥–µ—Ç—Å–∫–∏–µ) –∑–∞–≥–æ–≤–æ—Ä—â–∏–∫–∏, —ç—Ç–æ–≥–æ –≥–æ–ª–æ—Å–∞ –í—ã –Ω–µ —Å–ª—ã—à–∏—Ç–µ –∏ –Ω–µ —Å–ª—É—à–∞–µ—Ç–µ. –í–ø–æ–ª–Ω–µ –ø–æ–Ω–∏–º–∞—é, –≤–ø–æ–ª–Ω–µ, –≤–ø–æ–ª–Ω–µ –ø–æ–Ω–∏–º–∞—é, —á—Ç–æ —Ç–∞–∫ –º–æ–∂–Ω–æ –¥–æ–ø–∏—Å–∞—Ç—å—Å—è –Ω–µ —Ç–æ–ª—å–∫–æ –¥–æ —Ç–æ–≥–æ, —á—Ç–æ-–¥–µ ¬´–∫—Ä–∞—Å–Ω—ã–µ —Ç–∞–∫–∏–µ –∂–µ –≤—Ä–∞–≥–∏ –Ω–∞—Ä–æ–¥–∞, –∫–∞–∫ –∏ –±–µ–ª—ã–µ¬ª (–±–æ—Ä—Ü—ã –∑–∞ —Å–≤–µ—Ä–∂–µ–Ω–∏–µ –∫–∞–ø–∏—Ç–∞–ª–∏—Å—Ç–æ–≤ –∏ –ø–æ–º–µ—â–∏–∫–æ–≤ —Ç–∞–∫–∏–µ –∂–µ –≤—Ä–∞–≥–∏ –Ω–∞—Ä–æ–¥–∞, –∫–∞–∫ –∏ –ø–æ–º–µ—â–∏–∫–∏ —Å –∫–∞–ø–∏—Ç–∞–ª–∏—Å—Ç–∞–º–∏), –Ω–æ –∏ –¥–æ –≤–µ—Ä—ã –≤ –±–æ–∂–µ–Ω—å–∫—É –∏–ª–∏ –≤ —Ü–∞—Ä—è-–±–∞—Ç—é—à–∫—É. –í–ø–æ–ª–Ω–µ –ø–æ–Ω–∏–º–∞—é.

*

–ï–π-–µ–π, –ø–æ–≥–∏–±–Ω–µ—Ç–µ, –µ–∂–µ–ª–∏ –∏–∑ —ç—Ç–æ–π –æ–±—Å—Ç–∞–Ω–æ–≤–∫–∏ –±—É—Ä–∂—É–∞–∑–Ω—ã—Ö –∏–Ω—Ç–µ–ª–ª–∏–≥–µ–Ω—Ç–æ–≤ –Ω–µ –≤—ã—Ä–≤–µ—Ç–µ—Å—å! –û—Ç –¥—É—à–∏ –∂–µ–ª–∞—é –ø–æ—Å–∫–æ—Ä–µ–µ –≤—ã—Ä–≤–∞—Ç—å—Å—è.
–õ—É—á—à–∏–µ –ø—Ä–∏–≤–µ—Ç—ã!

–í–∞—à –õ–µ–Ω–∏–Ω

*

–ò–±–æ –í—ã –≤–µ–¥—å –Ω–µ –ø–∏—à–µ—Ç–µ! –¢—Ä–∞—Ç–∏—Ç—å —Å–µ–±—è –Ω–∞ —Ö–Ω—ã–∫–∞–Ω—å–µ —Å–≥–Ω–∏–≤—à–∏—Ö –∏–Ω—Ç–µ–ª–ª–∏–≥–µ–Ω—Ç–æ–≤ –∏ –Ω–µ –ø–∏—Å–∞—Ç—å ‚Äî –¥–ª—è —Ö—É–¥–æ–∂–Ω–∏–∫–∞ —Ä–∞–∑–≤–µ –Ω–µ –≥–∏–±–µ–ª—å, —Ä–∞–∑–≤–µ –Ω–µ —Å—Ä–∞–º?

–ù–∞–ø–∏—Å–∞–Ω–æ 15 —Å–µ–Ω—Ç—è–±—Ä—è 1919 –≥. –ü–æ—Å–ª–∞–Ω–æ –≤ –ü–µ—Ç—Ä–æ–≥—Ä–∞–¥

–ò—Å—Ç–æ—á–Ω–∏–∫: –í.–ò. –õ–µ–Ω–∏–Ω, –ü–°–°, –∏–∑–¥–∞–Ω–∏–µ 5-–µ, —Ç. 51, —Å—Ç—Ä. 47-49","‚Äî –ú–∞–∫—Å–∏–º–∞–ª—å–Ω—ã–π —Ä–µ–ø–æ—Å—Ç! 
 
–ú–∏–Ω–∏—Å—Ç–µ—Ä—Å—Ç–≤–æ –æ–±–æ—Ä–æ–Ω—ã –£–∫—Ä–∞–∏–Ω—ã –∏ –º–∏—Ä–æ–≤–æ–µ –∞–π—Ç–∏-—Å–æ–æ–±—â–µ—Å—Ç–≤–æ –ø—Ä–µ–¥–ª–∞–≥–∞—é—Ç —Ä—É—Å—Å–∫–∏–º –≤–æ–µ–Ω–Ω—ã–º —Å–¥–∞—Ç—å—Å—è, –ø–æ–ª—É—á–∏—Ç—å –∞–º–Ω–∏—Å—Ç–∏—é –∏ –∑–∞—Ä–∞–±–æ—Ç–∞—Ç—å, - –æ–± —ç—Ç–æ–º –∑–∞—è–≤–∏–ª–∞ –ú–∞—à–∞ –ï—Ñ—Ä–æ—Å–∏–Ω–∏–Ω–∞. 
 
–ê–π—Ç–∏—à–Ω–∏–∫–∏ —Å–æ –≤—Å–µ–≥–æ –º–∏—Ä–∞ —Å–æ–±—Ä–∞–ª–∏ –Ω–µ—Å–∫–æ–ª—å–∫–æ –º–∏–ª–ª–∏–æ–Ω–æ–≤ –¥–æ–ª–ª–∞—Ä–æ–≤ –∏ –±—É–¥—É—Ç –ø—Ä–æ–¥–æ–ª–∂–∞—Ç—å —Å–±–æ—Ä, —á—Ç–æ–±—ã –≤—ã–ø–ª–∞—Ç–∏—Ç—å —Ä–æ—Å—Å–∏–π—Å–∫–∏–º –≤–æ–µ–Ω–Ω—ã–º 5 –º–∏–ª–ª–∏–æ–Ω–æ–≤ —Ä—É–±–ª–µ–π –≤ –∫—Ä–∏–ø—Ç–æ–≤–∞–ª—é—Ç–µ, –Ω–∞ —Å—á–µ—Ç –∏–ª–∏ –Ω–∞–ª–∏—á–Ω—ã–º–∏. –ö–∞–∫ —Ç–æ–ª—å–∫–æ —Å–æ–ª–¥–∞—Ç—ã —Å –≤–æ–µ–Ω–Ω–æ–π —Ç–µ—Ö–Ω–∏–∫–æ–π —Å–¥–∞—é—Ç—Å—è, –æ–Ω–∏ –ø–æ–ª—É—á–∞—é—Ç –¥–µ–Ω—å–≥–∏. –ê–º–Ω–∏—Å—Ç–∏—è ‚Äì –ø–æ—Å–ª–µ —Å—É–¥–∞. –ù–æ –≥–ª–∞–≤–Ω–æ–µ, —á—Ç–æ –æ–Ω–∏ –º–æ–≥—É—Ç –ø—Ä—è–º–æ —Å–µ–π—á–∞—Å —Å–¥–∞—Ç—å—Å—è –∏ –ø—Ä—è–º–æ —Å–µ–π—á–∞—Å –ø–æ–ª—É—á–∏—Ç—å –¥–µ–Ω—å–≥–∏.
–ü–û–ô–ú–ò–¢–ï –ß–¢–û –ü–£–¢–ò–ù –°–û–®–Å–õ –° –£–ú–ê.
#StopRussia 
#StopRussianAggression 
#RussiaInvadedUkraine 
#RussiaInvadesUkraine 
#–†–æ—Å—Å–∏—è #–£–∫—Ä–∞–∏–Ω–∞ #–ü—É—Ç–∏–Ω"
12,"—É–∫—Ä–∞–∏–Ω–∞, –ø–µ—Ä–µ–¥–∞–≤–∞—Ç—å —É–∫—Ä–∞–∏–Ω–∞, –≤–æ–µ–Ω–Ω—ã–π, –æ—Ä—É–∂–∏–µ, –Ω–æ—Ä–≤–µ–≥–∏—è, –º–ª–Ω","334 –¥–µ–Ω—å. –ì–µ—Ä–º–∞–Ω–∏—è –Ω–µ –ø—Ä–æ—Ç–∏–≤ —Ç–æ–≥–æ, —á—Ç–æ–±—ã –ü–æ–ª—å—à–∞ –ø–æ—Å—Ç–∞–≤–∏–ª–∞  Leopard 2 –≤ –£–∫—Ä–∞–∏–Ω—É. –£—Å—Å—É—Ä–∏–π—Å–∫ –±–µ–∑ —ç–ª–µ–∫—Ç—Ä–∏—á–µ—Å—Ç–≤–∞. #–Ω–µ—Ç–≤–æ–π–Ω–µ 

–ó–¥—Ä–∞–≤—Å—Ç–≤—É–π—Ç–µ –¥—Ä—É–∑—å—è! –ì–µ—Ä–º–∞–Ω–∏—è –¥–æ–ø—É—Å—Ç–∏–ª–∞ –æ—Ç–ø—Ä–∞–≤–∫—É –ü–æ–ª—å—à–µ–π —Ç–∞–Ω–∫–æ–≤ Leopard 2 –≤ –£–∫—Ä–∞–∏–Ω—É. –ê –£—Å—Å—É—Ä–∏–π—Å–∫ —Å –µ–≥–æ 100 —Ç—ã—Å—è—á–Ω—ã–º –Ω–∞—Å–µ–ª–µ–Ω–∏–µ–º –æ—Å—Ç–∞–ª—Å—è –±–µ–∑ —ç–ª–µ–∫—Ç—Ä–∏—á–µ—Å—Ç–≤–∞ –∏ —Ç–µ–ø–ª–∞. #–Ω–µ—Ç–≤–æ–π–Ω–µ, #–æ–±—â–µ–Ω–∏–µ, #–ø–æ–ª–∏—Ç–∏–∫–∞, #—ç–∫–æ–Ω–æ–º–∏–∫–∞, #—Å—Ç—Ä–∏–º, #twitch,
https://www.twitch.tv/pr0x0dus","–ë–µ–ª—å–≥–∏—è —Ä–µ—à–∏–ª–∞ –ø–µ—Ä–µ–¥–∞—Ç—å –£–∫—Ä–∞–∏–Ω–µ –Ω–æ–≤—É—é –ø–∞—Ä—Ç–∏—é –æ—Ä—É–∂–∏—è

–†–µ—á—å –∏–¥–µ—Ç –æ –ø—Ä–æ—Ç–∏–≤–æ—Ç–∞–Ω–∫–æ–≤—ã—Ö —Ä–∞–∫–µ—Ç–Ω—ã—Ö –∫–æ–º–ø–ª–µ–∫—Å–∞—Ö –∏, –≤–æ–∑–º–æ–∂–Ω–æ, —Å–∞–º–æ—Ö–æ–¥–Ω—ã—Ö –∞—Ä—Ç–∏–ª–ª–µ—Ä–∏–π—Å–∫–∏—Ö —É—Å—Ç–∞–Ω–æ–≤–∫–∞—Ö

#–ù–µ—Ç–í–æ–π–Ω–µ #NoWar #—É–∫—Ä–∞–∏–Ω–∞ #—Ä–æ—Å—Å–∏—è #–ø—É—Ç–∏–Ω #–≤–æ–π–Ω–∞ #StopPutinsWar","–ù–∞ –∫–∞–ª–µ–Ω–¥–∞—Ä–µ 1 –º–∞—Ä—Ç–∞ 2022 –≥–æ–¥–∞: –æ–∫–∫—É–ø–∞—Ü–∏–æ–Ω–Ω—ã–µ –≤–æ–π—Å–∫–∞ —Å—Ç–æ—è—Ç –≤–±–ª–∏–∑–∏ –º–Ω–æ–≥–∏—Ö —É–∫—Ä–∞–∏–Ω—Å–∫–∏—Ö –≥–æ—Ä–æ–¥–æ–≤ - –ö–∏–µ–≤–∞, –•–∞—Ä—å–∫–æ–≤–∞, –ú–∞—Ä–∏—É–ø–æ–ª—è, –∞ ""–î–æ–∂–¥—å"" –∏ ""–≠—Ö–æ –ú–æ—Å–∫–≤—ã"" —É–∂–µ –∑–∞–±–ª–æ–∫–∏—Ä–æ–≤–∞–Ω—ã. –ú–æ—è –õ–µ–Ω–∞ - –ø—Ä–µ–ø–æ–¥–∞–≤–∞—Ç–µ–ª—å –π–æ–≥–∏ –≤ –Ω–∞—à–µ–º —Ç–µ–∞—Ç—Ä–µ –∏ –ø—Ä–æ—Å—Ç–æ –∑–∞–º–µ—á–∞—Ç–µ–ª—å–Ω—ã–π —á–µ–ª–æ–≤–µ—á–µ–∫, —Å –∫–æ—Ç–æ—Ä–æ–π –º—ã –Ω–∞–∫–∞–Ω—É–Ω–µ –≤–æ–π–Ω—ã –µ–∑–¥–∏–ª–∏ –≤ –ì–∞—Ä—Ü –∏ –ø–ª–∞–Ω–∏—Ä–æ–≤–∞–ª–∏ –∏—Å–∫–æ–ª–µ—Å–∏—Ç—å –ù–∏–¥–µ—Ä–ª–∞–Ω–¥—ã –∏ –≤–µ—Å—å –∑–∞–ø–∞–¥ –ì–µ—Ä–º–∞–Ω–∏–∏, –∑–æ–≤–µ—Ç –Ω–∞—Å —Å –ö—Å—é—à–µ–π –∫ —Å–µ–±–µ –¥–æ–º–æ–π. –¢–∞–º –Ω–∞—Å –∂–¥–µ—Ç —Å—ä–µ–º–æ—á–Ω–∞—è –≥—Ä—É–ø–ø–∞ —Ä–µ–≥–∏–æ–Ω–∞–ª—å–Ω—ã—Ö –Ω–æ–≤–æ—Å—Ç–µ–π, –∫–æ—Ç–æ—Ä–∞—è —Ö–æ—á–µ—Ç —É—Å–ª—ã—à–∞—Ç—å –≥–æ–ª–æ—Å–∞ —Ä–µ–±—è—Ç –∏–∑ –†–§ –∏ –†–ë. –ö–æ–Ω–µ—á–Ω–æ, –Ω–∏–∫—É–¥–∞ –±–µ–∑ –≥–ª–∞–≤–Ω–æ–≥–æ —Å–æ–ª–Ω—ã—à–∫–∞ –ë—Ä–µ–º–µ–Ω–∞ - –ù–∞—Å—Ç–∏, —Å –∫–æ—Ç–æ—Ä–æ–π –º—ã –ø—Ä–∏–µ—Ö–∞–ª–∏ –ø–æ –æ–¥–Ω–æ–π –≤–æ–ª–æ–Ω—Ç–µ—Ä—Å–∫–æ–π –ø—Ä–æ–≥—Ä–∞–º–º–µ.

–†–æ—Å—Å–∏–π—Å–∫–∞—è –ø—Ä–æ–ø–∞–≥–∞–Ω–¥–∞ - –∫–æ–≤–∞—Ä–Ω—ã–π –∏ –º—É—Ç–Ω—ã–π –∑–≤–µ—Ä—å. –û–Ω–∞ –ø–æ–¥–∫–∏–Ω–µ—Ç —Ç–µ–±–µ —Å—Ç–æ–ª—å–∫–æ —Ç–µ–æ—Ä–∏–π –∑–∞–≥–æ–≤–æ—Ä–∞, –≥–¥–µ –Ω–µ –±—É–¥–µ—Ç –Ω–∏ –æ–¥–Ω–æ–π –ø—Ä–∞–≤–¥–∏–≤–æ–π, –¥–∞ —Ç–∞–∫ —É–º–µ–ª–æ, —á—Ç–æ –ø—Ä–µ–≤—Ä–∞—Ç–∏—Ç —Å–æ–¥–µ—Ä–∂–∏–º–æ–µ –≥–æ–ª–æ–≤—ã –≤ –∑–∞–±—Ä–æ–¥–∏–≤—à–∏–π –∫–æ–º–ø–æ—Ç, –∫–æ—Ç–æ—Ä—ã–π —Å–≤–æ–∏–º —á—É–¥–æ—Ç–≤–æ—Ä–Ω—ã–º —ç—Ñ—Ñ–µ–∫—Ç–æ–º, –Ω–æ –∑–∞—Å—Ç–∞–≤–∏—Ç —É–≤–µ—Ä–æ–≤–∞—Ç—å —Ö–æ—Ç—è –±—ã –≤ –æ–¥–Ω—É –∏–∑ –Ω–∏—Ö, –∞–ª—è ""–∞–¥—Å–∫–∞—è –Ω–∞–ø–∏—Ö–∞–Ω–∫–∞"". –¢–µ–ª–µ–≤–∏–¥–µ–Ω–∏–µ, –∫–∞–∫ –≥–ª–∞–≤–Ω—ã–π –µ–µ –∏–Ω—Å—Ç—Ä—É–º–µ–Ω—Ç - –Ω–∏ —á—Ç–æ –∏–Ω–æ–µ, –∫–∞–∫ —Å–∞–º–æ–µ –±—é–¥–∂–µ—Ç–Ω–æ–µ, –¥–æ—Å—Ç—É–ø–Ω–æ–µ –∏ —á—É—Ç—å –ª–∏ –Ω–µ –µ–¥–∏–Ω—Å—Ç–≤–µ–Ω–Ω–æ–µ —Ä–∞–∑–≤–ª–µ—á–µ–Ω–∏–µ –¥–ª—è —Å—Ä–µ–¥–Ω–µ—Å—Ç–∞—Ç–∏—Å—Ç–∏—á–µ—Å–∫–æ–≥–æ —Ä–æ—Å—Å–∏—è–Ω–∏–Ω–∞, –∫–æ—Ç–æ—Ä—ã–π –Ω–µ –≤–∏–¥–∏—Ç –∂–∏–∑–Ω–∏ –∑–∞ –∏—Å–∫–ª—é—á–µ–Ω–∏–µ–º —Ä–∞–±–æ—Ç—ã, —á—Ç–æ–±—ã –∫–∞–∫-—Ç–æ –ø—Ä–æ–∫–æ—Ä–º–∏—Ç—å —Å–µ–±—è –∏ —Å–µ–º—å—é. –ì–æ–¥ –∑–∞ –≥–æ–¥–æ–º –æ–Ω–∞ –≤–∑—Ä–∞—â–∏–≤–∞–ª–∞ —Å–≤–æ—é ""–∞—Ä–º–∏—é"" –∏ —Ä–∞–∑–∂–∏–≥–∞–ª–∞ –Ω–µ–Ω–∞–≤–∏—Å—Ç—å, —á—Ç–æ–±—ã —Å–µ–π—á–∞—Å –Ω–µ–ª–µ–ø–æ –æ–ø—Ä–∞–≤–¥—ã–≤–∞—Ç—å—Å—è, –º–∞–Ω–∏–ø—É–ª–∏—Ä–æ–≤–∞—Ç—å –∏ —Å–≤–∞–ª–∏–≤–∞—Ç—å –≤–∏–Ω—É –∑–∞ —Å–≤–æ–∏ –ø—Ä–æ–≤–∞–ª—ã –Ω–∞ –ø—Ä–æ—Å—Ç–æ–π –Ω–∞—Ä–æ–¥, –¥–µ—Å–∫–∞—Ç—å, –æ—á–µ—Ä–µ–¥–Ω–æ–π –∂–µ—Å—Ç –¥–æ–±—Ä–æ–π –≤–æ–ª–∏, –ª–∏–±–æ —Å–∞–º–∏ –ø–ª–æ—Ö–æ —Å—Ç–∞—Ä–∞–ª–∏—Å—å. –ü—Ä–∏–∑–Ω–∞—Ç—å—Å—è, —è –∏ —Å–∞–º –¥–æ –∫–æ–Ω—Ü–∞ —É–≤–µ—Ä–æ–≤–∞–ª –≤–æ ""–≤—Ç–æ—Ä—É—é –∞—Ä–º–∏—é –º–∏—Ä–∞"" –∏ –≤–æ–ø—Ä–æ—Å –≤–∑—è—Ç–∏—è –ö–∏–µ–≤–∞ - –±—ã–ª –ª–∏—à—å –≤–æ–ø—Ä–æ—Å–æ–º –≤—Ä–µ–º–µ–Ω–∏ –≤ –Ω–∞—á–∞–ª–µ –º–∞—Ä—Ç–∞, –æ—Ç—á–µ–≥–æ —Ö–æ—Ç–µ–ª–æ—Å—å –º–µ—Ç–∞—Ç—å –¥–æ–ª–±–∞–Ω–Ω—ã–π —á–∞–π–Ω–∏–∫ –∏ –∫—Ä—É–∂–∫–∏, —Ç—Ä–µ–±—É—è –ø–æ—Å—Ç–∞–≤–æ–∫ –æ—Ä—É–∂–∏—è –∏ –ø–æ–º–æ—â—å –¥–ª—è –£–∫—Ä–∞–∏–Ω—ã, —á—Ç–æ–±—ã –æ—Ç—Ç—è–Ω—É—Ç—å —ç—Ç–æ—Ç –∑–ª–æ—Å—á–∞—Å—Ç–Ω—ã–π –º–æ–º–µ–Ω—Ç: ""–ù—É –∫–∞–∫ –º—ã –º–æ–∂–µ–º —Å–∏–¥–µ—Ç—å –∑–∞ —Å—Ç–æ–ª–æ–º, –ª–∏—Ö–æ –ø–æ–ø–∏–≤–∞—è —á–∞–π –∏ –≤–µ–¥—è –ø—Ä–∏ —ç—Ç–æ–º —Å–≤–µ—Ç—Å–∫—É—é –±–µ—Å–µ–¥—É, –∫–æ–≥–¥–∞ —Ç–∞–º —É–º–∏—Ä–∞—é—Ç –≤ –¥–∞–Ω–Ω—É—é –º–∏–Ω—É—Ç—É –ª—é–¥–∏, –æ–±—ã—á–Ω—ã–µ –º–∏—Ä–Ω—ã–µ –ª—é–¥–∏!"".

–°–µ–≥–æ–¥–Ω—è 300 –¥–µ–Ω—å –≤–æ–π–Ω—ã. –ë–æ–ª—å—à–µ –Ω–µ —Å—Ç–æ–∏—Ç –≤–æ–ø—Ä–æ—Å –æ —Ç–æ–º, –∫—Ç–æ –ø–æ–±–µ–¥–∏—Ç. –ù–∞ –ø–æ–≤–µ—Å—Ç–∫–µ –¥–Ω—è –ª–∏—à—å –≤–æ–ø—Ä–æ—Å ""–∫–æ–≥–¥–∞ –£–∫—Ä–∞–∏–Ω–∞ –ø—Ä–æ–≥–æ–Ω–∏—Ç —ç—Ç—É –Ω–µ—á–∏—Å—Ç—å —Å–æ —Å–≤–æ–µ–π —Ç–µ—Ä—Ä–∏—Ç–æ—Ä–∏–∏?"". C–µ–≥–æ–¥–Ω—è –º—ã –≤–∏–¥–∏–º, –∫–∞–∫ –ø—Ä–µ–∑–∏–¥–µ–Ω—Ç –ó–µ–ª–µ–Ω—Å–∫–∏–π, —É—á–∞—Å—Ç–≤—É—è –≤ –æ—Å–≤–æ–±–æ–¥–∏—Ç–µ–ª—å–Ω–æ–π –≤–æ–π–Ω–µ, –≤—ã–µ–∑–∂–∞–µ—Ç –Ω–∞ —Å–∞–º—ã–π –≥–æ—Ä—è—á–∏–π —É—á–∞—Å—Ç–æ–∫ —Ñ—Ä–æ–Ω—Ç–∞, –∏ –∫–∞–∫ –ø—Ä–µ–∑–∏–¥–µ–Ω—Ç –ü—É—Ç–∏–Ω —Å–∏–¥–∏—Ç –≤ –±–µ–∑–æ–ø–∞—Å–Ω–æ–º –ö—Ä–µ–º–ª–µ –∑–∞ –¥–ª–∏–Ω–Ω—ã–º —Å—Ç–æ–ª–æ–º –∏ –≤–µ–¥–µ—Ç –≤–æ–π–Ω—É –∑–∞ –ø—Ä–æ–¥–ª–µ–Ω–∏–µ —Å–≤–æ–µ–π –≤–ª–∞—Å—Ç–∏ –∏ —Å–æ—Ö—Ä–∞–Ω–µ–Ω–∏–µ —Å–≤–æ–∏—Ö –±–æ–≥–∞—Ç—Å—Ç–≤. –¶–µ–Ω–æ–π —á—É–∂–∏—Ö –∂–∏–∑–Ω–µ–π, –¥–æ –∫–æ—Ç–æ—Ä—ã—Ö –µ–º—É –≥–ª—É–±–æ–∫–æ –∏ –ø–∞—Ä–∞–ª–ª–µ–ª—å–Ω–æ. 

#–Ω–µ—Ç–≤–æ–π–Ω–µ"
13,"–≤–æ–π–Ω–∞, –º–∏—Ç–∏–Ω–≥, –∞–Ω—Ç–∏–≤–æ–µ–Ω–Ω—ã–π, –≤—ã—Ö–æ–¥–∏—Ç—å, –∞–∫—Ü–∏—è –ø—Ä–æ—Ç–µ—Å—Ç–∞, –º–∏—Ä","#–Ω–µ—Ç–≤–æ–π–Ω–µ 
#nowar 
#–Ø–ø—Ä–æ—Ç–∏–≤–í–æ–π–Ω—ã 
#—Ä—É—Å—Å–∫–∏–π–º–∏—Ä

C—Çopo–Ω–Ω–∏–∫–∏ –æ–ø–ø–æ–∑–∏—Ü–∏–∏ –Ω–∞ –ø–µ—Ä–≤o–ºa–π—Å–∫–æ–π –¥e–ºo–Ω—Å—Ç—Ä–∞—Ü–∏–∏ –∑–∞–±pac—ã–≤–∞—é—Ç –∫–∞–º–Ω—è–º–∏ –û–ú–û–ù–æ–≤—Ü–µ–≤.","#–ù–µ—Ç–í–æ–π–Ω–µ #–ù–µ—Ç_–í–æ–π–Ω–µ #MakeLoveNoWar #Make_Love_No_War

–ó–¥—Ä–∞–≤—Å—Ç–≤—É–π—Ç–µ. –ü–æ —Ç–µ–≥–∞–º –≤—ã —É–∂–µ –º–æ–≥–ª–∏ –¥–æ–≥–∞–¥–∞—Ç—å—Å—è –æ —á–µ–º –±—É–¥–µ—Ç —ç—Ç–∞ –∑–∞–ø–∏—Å—å. –ï—Å–ª–∏ –≤—ã —Ä–∞–≤–Ω–æ–¥—É—à–Ω—ã –∫ —á—É–∂–∏–º –∂–∏–∑–Ω—è–º –∏ —Å–≤–æ–µ–º—É —Å–æ–±—Å—Ç–≤–µ–Ω–Ω–æ–º—É –±—É–¥—É—â–µ–º—É, —ç—Ç–æ –≤–∞—à–µ –¥–µ–ª–æ, –º–æ–∂–µ—Ç–µ –ª–∏—Å—Ç–∞—Ç—å –¥–∞–ª—å—à–µ. 

–û–¥–Ω–∞–∫–æ, –µ—Å–ª–∏ –∂–µ –≤—ã —Ö–æ—Ç–∏—Ç–µ –æ–∫–∞–∑–∞—Ç—å –ø–æ—Å–∏–ª—å–Ω—É—é –ø–æ–º–æ—â—å —Å—Ç—Ä–∞–Ω–µ –≤ –∫–æ—Ç–æ—Ä–æ–π –∂–∏–≤—É—Ç –≤–∞—à–∏ —Ä–æ–¥—Å—Ç–≤–µ–Ω–Ω–∏–∫–∏, –∏–ª–∏ —Ä–æ–¥–Ω—è –≤–∞—à–∏—Ö –¥—Ä—É–∑–µ–π. –°—Ç—Ä–∞–Ω–µ, –∫–æ—Ç–æ—Ä–∞—è –Ω—É–∂–¥–∞–µ—Ç—Å—è –ø—Ä—è–º–æ —Å–µ–π—á–∞—Å –±—É–∫–≤–∞–ª—å–Ω–æ –≤ –ª—é–±–æ–π –ø–æ–º–æ—â–∏. –£–∫—Ä–∞–∏–Ω—É –±–æ–º–±—è—Ç. –í–æ–π—Å–∫–∞ –†–æ—Å—Å–∏–∏, –ø—Ä–∏–∫—Ä—ã–≤–∞—è—Å—å –ª–æ–∑—É–Ω–≥–∞–º–∏ ""–æ—Å–≤–æ–±–æ–∂–¥–µ–Ω–∏—è –£–∫—Ä–∞–∏–Ω—ã –æ—Ç –±–µ–Ω–¥–µ—Ä –∏ –Ω–∞—Ä–∫–æ–º–∞–Ω–æ–≤"" –±–æ–º–±—è—Ç –∂–∏–ª—ã–µ –¥–æ–º–∞. –£–∫—Ä–∞–∏–Ω—Ü—ã —Ç–∞–∫–∏–µ –∂–µ –ª—é–¥–∏ –∫–∞–∫ –∏ –º—ã, –±—É–∫–≤–∞–ª—å–Ω–æ. –°—Ä–µ–¥–∏ –Ω–∏—Ö –µ—Å—Ç—å —Ç–∞–∫–∏–µ –∂–µ –≤–∞—Ç–Ω–∏–∫–∏ –∫–∞–∫ —Å—Ä–µ–¥–∏ –Ω–∞—Å, –Ω–æ –±–æ–ª—å—à–∏–Ω—Å—Ç–≤–æ —Ç–∞–∫–æ–π –∂–µ —Å–ª–∞–≤—è–Ω—Å–∫–∏–π –Ω–∞—Ä–æ–¥, —Å –∫–æ—Ç–æ—Ä—ã–º –Ω–∞—à–∏ –ø—Ä–µ–¥–∫–∏ –≤ –ø—Ä–æ—à–ª–æ–º –≤–µ–∫–µ —Å–≤–µ—Ä–≥–ª–∏ –Ω–∞—Ü–∏–∑–º. –° –ø—Ä–µ—Å—Ç—É–ø–Ω—ã–º–∏ –¥–µ–π—Å—Ç–≤–∏—è–º–∏ –ü—É—Ç–∏–Ω–∞ —É–∂–µ –±–æ—Ä–µ—Ç—Å—è –≤–µ—Å—å –º–∏—Ä, –∏ —Ä–∞—Å–ø–ª–∞—á–∏–≤–∞—Ç—å—Å—è –∑–∞ —ç—Ç–æ –≤ –ø–µ—Ä–≤—É—é –æ—á–µ—Ä–µ–¥—å —É–∫—Ä–∞–∏–Ω—Ü–∞–º, –∂–∏–∑–Ω—è–º–∏. –ê –∑–∞—Ç–µ–º –ø–ª–∞—Ç–∏—Ç—å –±—É–¥–µ–º –º—ã. –ê–∫—Ç–∏–≤–Ω—ã–µ –∏ —Å–º–µ–ª—ã–µ –ª—é–¥–∏, —Ö–æ—Ç—å –∏ –æ—Ç—á–∞—Å—Ç–∏, –º–æ–≥—É—Ç —Å–Ω–∏–∑–∏—Ç—å —ç—Ç—É —Ü–µ–Ω—É –∞ –∑–∞–æ–¥–Ω–æ —Å–ø–∞—Å—Ç–∏ —Ö–æ—Ç—è –±—ã —Å–æ—Å–µ–¥–Ω—é—é —Å—Ç—Ä–∞–Ω—É –æ—Ç –ü—É—Ç–∏–Ω–∞, –∞ –Ω–µ —Ç–æ–ª—å–∫–æ —Å–≤–æ—é. 

–ï—Å–ª–∏ –≤—ã —á–∏—Ç–∞–µ—Ç–µ —ç—Ç–æ –¥–æ —Å–∏—Ö –ø–æ—Ä, —Ç–æ, –≤–µ—Ä–æ—è—Ç–Ω–æ, –∑–∞–¥–∞–ª–∏—Å—å –≤–æ–ø—Ä–æ—Å–æ–º ""–∞ —á—Ç–æ –º–æ–≥—É —Å–¥–µ–ª–∞—Ç—å —è? –Ø –æ–¥–∏–Ω?"". –í–∞—Ä–∏–∞–Ω—Ç–æ–≤ –º–Ω–æ–≥–æ, –∏ –≤–∞–º –¥–ª—è —ç—Ç–æ–≥–æ –¥–∞–∂–µ –Ω–µ –æ–±—è–∑–∞—Ç–µ–ª—å–Ω–æ –∏–¥—Ç–∏ –Ω–∞ —É–ª–∏—Ü—É –ø–æ–¥ –¥—É–±–∏–Ω–∫–∏ –ø—Ä–∏–≥—Ä–µ—Ç—ã—Ö –≤–ª–∞—Å—Ç—å—é —Ö–æ–ª—É—ë–≤, –∫–æ—Ç–æ—Ä—ã–µ –∑–∞ –Ω–∞—à–∏ –∂–µ –Ω–∞–ª–æ–≥–∏ –ø—ã—Ç–∞—é—Ç—Å—è –ª–∏—à–∏—Ç—å –Ω–∞—Å –∫–æ–Ω—Å—Ç–∏—Ç—É—Ü–∏–æ–Ω–Ω–æ–≥–æ –ø—Ä–∞–≤–∞ –Ω–∞ –º–∏—Ä–Ω—ã–µ –∞–∫—Ü–∏–∏ –ø—Ä–æ—Ç–µ—Å—Ç–∞. 

–ï—Å–ª–∏ –≤—ã –ø—Ä–æ—Å—Ç–æ —Ä–∞—Å–ø—Ä–æ—Å—Ç—Ä–∞–Ω–∏—Ç–µ –∏–Ω—Ñ–æ—Ä–º–∞—Ü–∏—é –æ —Ç–æ–º —á—Ç–æ –≤—ã –ø—Ä–æ—Ç–∏–≤ –≤–æ–π–Ω—ã –Ω–∞ –£–∫—Ä–∞–∏–Ω–µ, —ç—Ç–æ —É–∂–µ —Ö–æ—Ä–æ—à–æ. –ï—Å–ª–∏ –≤—ã –≥–æ—Ç–æ–≤—ã –∫ —à—Ç—Ä–∞—Ñ–∞–º - –Ω–µ –ø–ª–∞—Ç–∏—Ç–µ —Å–µ–π—á–∞—Å –Ω–∞–ª–æ–≥–∏ –∏ –ñ–ö–•, –Ω–µ –¥–∞–≤–∞–π—Ç–µ –≥–æ—Å—É–¥–∞—Ä—Å—Ç–≤—É –¥–µ–Ω–µ–≥ –Ω–∞ –≤–µ–¥–µ–Ω–∏–µ –≤–æ–π–Ω—ã. –ï—Å–ª–∏ –≤—ã –Ω–µ –±–æ–∏—Ç–µ—Å—å –ø–æ–ª–∏—Ü–∏–∏, —Å–æ–∑–¥–∞–≤–∞–π—Ç–µ –∏—Å–∫—É—Å—Å—Ç–≤–µ–Ω–Ω—ã–µ –ø—Ä–æ–±–∫–∏ –Ω–∞ –¥–æ—Ä–æ–≥–∞—Ö –±–ª–∏–∂–µ –∫ —Ü–µ–Ω—Ç—Ä—É –≥–æ—Ä–æ–¥–∞. –ù–∞ –º–∞—à–∏–Ω–µ –ª–∏, –∏–ª–∏ –ø–µ—à–∫–æ–º, –Ω–µ –≤–∞–∂–Ω–æ. –í—ã –ª–µ–≥–∫–æ –º–æ–∂–µ—Ç–µ –Ω–∞–π—Ç–∏ –∏–Ω—Ñ–æ—Ä–º–∞—Ü–∏—é –æ —Ç–æ–º –∫–∞–∫ —ç—Ç–æ –¥–µ–ª–∞—Ç—å. –†–∏—Å—É–π—Ç–µ –ø–ª–∞–∫–∞—Ç—ã, –≤—ã—Ö–æ–¥–∏—Ç–µ –Ω–∞ –ø–∏–∫–µ—Ç. –î–∞–∂–µ –µ—Å–ª–∏ –≤–∞—Å –∑–∞–¥–µ—Ä–∂–∞—Ç —É–∂–µ –Ω–∞ –ø—è—Ç–æ–π –º–∏–Ω—É—Ç–µ, –ª—é–¥–∏ –≤—Å—ë —Ä–∞–≤–Ω–æ –≤–∞—Å —É–≤–∏–¥—è—Ç –∏ –ø–æ–π–º—É—Ç —á—Ç–æ –æ–Ω–∏ —Ç–∞–∫–∏–µ –Ω–µ—Ä–∞–≤–Ω–æ–¥—É—à–Ω—ã–µ –Ω–µ –æ–¥–Ω–∏ –∏ —Å–∞–º–∏ –ø–æ–Ω–∏–º–∞–µ—Ç–µ —á—Ç–æ —ç—Ç–æ –¥–∞—Å—Ç. 

–ù–µ –±–æ–π—Ç–µ—Å—å —Ç–æ–≥–æ —á—Ç–æ –±—É–¥–µ—Ç —Å–µ–π—á–∞—Å. –ë–æ–π—Ç–µ—Å—å —Ç–æ–≥–æ —á—Ç–æ –±—É–¥–µ—Ç –ø–æ—Ç–æ–º, –µ—Å–ª–∏ —Å–µ–π—á–∞—Å –Ω–∏—á–µ–≥–æ –Ω–µ —Å–¥–µ–ª–∞–µ—Ç–µ –ª–∏—á–Ω–æ –≤—ã, –∞ –Ω–µ –∫—Ç–æ —Ç–æ –¥—Ä—É–≥–æ–π –∑–∞ –≤–∞—Å.","–£—Ñ–∏–º—Å–∫–∏–π –∞–∫—Ç–∏–≤–∏—Å—Ç –ù–∞—Ñ–∏—Å –•–∞–µ—Ä—Ç–¥–∏–Ω–æ–≤ –≤—ã—à–µ–ª –≤ –∞–Ω—Ç–∏–≤–æ–µ–Ω–Ω—ã–π –ø–∏–∫–µ—Ç —Å –ø–ª–∞–∫–∞—Ç–æ–º ¬´–û —á–µ–º —Ç—ã –∑–∞–¥—É–º—ã–≤–∞–µ—à—å—Å—è, –∫–æ–≥–¥–∞ —á–∏—Ç–∞–µ—à—å —ç—Ç–æ 24 —á–∏—Å–ª–∞? #–ú–∏—Ä—É–ú–∏—Ä¬ª. 
 
–ê–∫—Ç–∏–≤–∏—Å—Ç–∞ –∑–∞–¥–µ—Ä–∂–∞–ª–∏ –∏ –≤–µ–∑—É—Ç –≤ –æ—Ç–¥–µ–ª –ø–æ–ª–∏—Ü–∏–∏.

https://activatica.org/content/f6e17de1-8d84-4e9c-be7b-63c34a3c7737/2408-vojna-i-antivoennye-akcii-v-rossii-i-v-mire 
 
#–Ω–µ—Ç–≤–æ–π–Ω–µ #–ø—Ä–æ—Ç–∏–≤–≤–æ–π–Ω—ã #–≤–æ–π–Ω–∞ #–∞–∫—Ç–∏–≤–∏–∑–º #–∞–∫—Ç–∏–≤–∏—Å—Ç—ã #–∞–∫—Ü–∏—è #–ø–∏–∫–µ—Ç #–±–∞—à–∫–∏—Ä–∏—è #—É—Ñ–∞"
14,"–ø–µ—Ç–∏—Ü–∏—è, –≤–æ–π–Ω–∞, —É—á–∏—Ç–µ–ª—å, –ø–æ–¥–ø–∏—Å—å, –ø–µ—Ç–∏—Ü–∏—è —Ç—Ä–µ–±–æ–≤–∞–Ω–∏—è, –ø–æ–¥–ø–∏—Å—ã–≤–∞—Ç—å –ø–µ—Ç–∏—Ü–∏—è","–£ –Ω–∞—Å –∫–æ–Ω–µ—á–Ω–æ –Ω–∏—á–µ–≥–æ –Ω–µ —Ä–∞–±–æ—Ç–∞–µ—Ç, –Ω–æ –Ω–µ –¥–µ–ª–∞—Ç—å –Ω–∏—á–µ–≥–æ –Ω–µ–ª—å–∑—è! –•–æ—Ç—å –ø–µ—Ç–∏—Ü–∏—é –ø–æ–¥–ø–∏—à–∏—Ç–µ!

https://chng.it/SJ475KVFhG

#–Ω–µ—Ç–≤–æ–π–Ω–µ","#–Ω–µ—Ç–≤–æ–π–Ω–µ
""‚Äî –ù–æ –ø–æ–∑–≤–æ–ª—å—Ç–µ! –ï—Å–ª–∏ –≥–ª—É–±–æ–∫–æ —Ä–∞—Å—Å–º–æ—Ç—Ä–µ—Ç—å, —Ç–æ —è –ª–∏—á–Ω–æ –Ω–∏ –≤ —á–µ–º –Ω–µ –≤–∏–Ω–æ–≤–∞—Ç. –ú–µ–Ω—è —Ç–∞–∫ —É—á–∏–ª–∏.
‚Äî –í—Å–µ—Ö —É—á–∏–ª–∏. –ù–æ –∑–∞—á–µ–º —Ç—ã –æ–∫–∞–∑–∞–ª—Å—è –ø–µ—Ä–≤—ã–º —É—á–µ–Ω–∏–∫–æ–º, —Å–∫–æ—Ç–∏–Ω–∞ —Ç–∞–∫–∞—è?""
–ï–≤–≥–µ–Ω–∏–π –®–≤–∞—Ä—Ü. ""–î—Ä–∞–∫–æ–Ω"".

–°–µ–π—á–∞—Å –∂–∏–∑–Ω–µ–Ω–Ω–æ –≤–∞–∂–Ω–æ –Ω–µ –æ–∫–∞–∑–∞—Ç—å—Å—è ""–ø–µ—Ä–≤—ã–º —É—á–µ–Ω–∏–∫–æ–º"". –≠—Ç–æ —Ç—Ä—É–¥–Ω–æ –æ—Å–æ–±–µ–Ω–Ω–æ –≤ –ø–æ–≤—Å–µ–¥–Ω–µ–≤–Ω–æ–π –∂–∏–∑–Ω–∏, –≤ —Ç–æ–º —á–∏—Å–ª–µ –∏ –ø–æ—Ç–æ–º—É, —á—Ç–æ, –≤–æ–∑–º–æ–∂–Ω–æ, –Ω–∏–∫—Ç–æ –Ω–µ —É–≤–∏–¥–∏—Ç —Ç–≤–æ–µ–≥–æ –º–∞–ª–µ–Ω—å–∫–æ–≥–æ –ø–æ–¥–≤–∏–≥–∞. –¢—ã –Ω–µ –ø–æ–¥–ø–∏—à–µ—à—å ""–∫–æ–ª–ª–µ–∫—Ç–∏–≤–Ω–æ–µ –ø–∏—Å—å–º–æ –≤ –ø–æ–¥–¥–µ—Ä–∂–∫—É —Å–ø–µ—Ü–æ–ø–µ—Ä–∞—Ü–∏–∏"" ‚Äî –µ–≥–æ –ø–æ–¥–ø–∏—à—É—Ç –¥—Ä—É–≥–∏–µ, —Ç–≤–æ–∏ –∫–æ–ª–ª–µ–≥–∏. –¢—ã –Ω–µ –≤—ã–π–¥–µ—à—å —Å –Ω–∞—Å–∏–ª—å–Ω–æ –≤—Å—É—á–µ–Ω–Ω—ã–º –ø–æ—Ä—Ç—Ä–µ—Ç–æ–º —Å–æ–ª–Ω—Ü–µ–ª–∏–∫–æ–≥–æ –Ω–∞ —É–ª–∏—Ü—É ‚Äî –≤—ã–π–¥—É—Ç –¥—Ä—É–≥–∏–µ.
–ù–µ –Ω–∞–¥–æ –æ–≥–ª—è–¥—ã–≤–∞—Ç—å—Å—è –Ω–∞ –¥—Ä—É–≥–∏—Ö. –ï—Å—Ç—å —Ç—ã ‚Äî –∏ —Ç–≤–æ–µ –æ—Ç—Ä–∞–∂–µ–Ω–∏–µ –≤ –∑–µ—Ä–∫–∞–ª–µ. –ù–∞–¥–æ —á—Ç–æ–±—ã —Ç–µ–±–µ –Ω–µ —Å—Ç—ã–¥–Ω–æ –±—ã–ª–æ –Ω–∞ –Ω–µ–≥–æ —Å–º–æ—Ç—Ä–µ—Ç—å.

–ü–æ–∫–∞ —É –º–µ–Ω—è –µ—Å—Ç—å —Ä–∞–±–æ—Ç–∞, –∏ –Ω–µ–ø–ª–æ—Ö–∞—è. –ù–æ –≤ —Ç—Ä—É–¥–æ–≤–æ–π –∫–Ω–∏–∂–∫–µ –∏–º–µ–µ—Ç—Å—è –∑–∞–ø–∏—Å—å –æ —Ä–∞–±–æ—Ç–µ —É–±–æ—Ä—â–∏—Ü–µ–π –≤ —Ü–µ–Ω—Ç—Ä–µ —Å–æ—Ä—Ç–∏—Ä–æ–≤–∫–∏ –ø–æ—á—Ç—ã –†–æ—Å—Å–∏–∏. –¢—Ä–∏ –º–µ—Å—è—Ü–∞ —è –º—ã–ª–∞ –æ–±–æ—Å—Ä–∞–Ω–Ω—ã–µ –∏ –æ–±–ª—ë–≤–∞–Ω–Ω—ã–µ —É–Ω–∏—Ç–∞–∑—ã. –ï—Å–ª–∏ –º–µ–Ω—è —É–≤–æ–ª—è—Ç –≤ –∫–æ–Ω—Ü–µ –∫–æ–Ω—Ü–æ–≤ ‚Äî –≤–µ—Ä–Ω—É—Å—å —Ç—É–¥–∞ –∂–µ. –£–±–æ—Ä—â–∏—Ü—ã –¥–µ—Ä—å–º–∞ –≤—Å–µ–≥–¥–∞ –Ω—É–∂–Ω—ã.","#–ù–µ—Ç–í–æ–π–Ω–µ #–ü–¢–ù–ü–ù–•

–ü–µ—Ç–∏—Ü–∏—è —Å —Ç—Ä–µ–±–æ–≤–∞–Ω–∏–µ–º –ø—Ä–µ–∫—Ä–∞—Ç–∏—Ç—å –≤–æ–µ–Ω–Ω—É—é –∞–≥—Ä–µ—Å—Å–∏—é –ø—Ä–æ—Ç–∏–≤ –£–∫—Ä–∞–∏–Ω—ã https://www.change.org/netvoyne 
–ü–µ—Ç–∏—Ü–∏—è —Å —Ç—Ä–µ–±–æ–≤–∞–Ω–∏–µ–º –∏–Ω–∏—Ü–∏–∏—Ä–æ–≤–∞—Ç—å –∏–º–ø–∏—á–º–µ–Ω—Ç –ø—Ä–µ–∑–∏–¥–µ–Ω—Ç–∞ –ü—É—Ç–∏–Ω–∞ https://chng.it/7HSTMycSVR"
